"","codeplot","ndvi.mean","GDD_1cm.sum.mean","GDD_10cm.sum.mean","CWD.sum.mean","FDD_1cm.sum.mean","FDD_10cm.sum.mean","solar.radiation.sum.mean","DRT.air.mean","TMeanRngD.mean","TSeason.mean","TRngY.mean","PSeason.mean","Tmean","Pmean","Rveg","Diam_mean","NDVImin","NDVImax","PRCTMOmean","pHmean","Cmean","Nmean","Almean","Argilemean","Calcmean","Camean","Fermean","Limfinmean","Limgrosmean","mgmean","Mnmean","Phosmean","Kmean","Sablefinmean","Sablegrosmean","Namean","PHOSmean","NAGmean","LAPmean","AGmean","CBmean","BGmean","XYLmean","Milieu","Alt","X_L93","Y_L93","TG1.degres.mean","TG4.degres.mean","DSN_T_ISBA.mean","PTotY.mean","TMeanY.mean"
"1","ANT_1400",267.681184581413,2932.97858097366,3181.11683276413,-10.2706451750828,-104.360365866061,-68.481625930765,540163.998684073,6.63806829462357,20.6659856688925,673.705651080782,41.6476967551491,73.2782033204757,NA,NA,NA,NA,0.125857142857143,0.872285714285714,NA,NA,NA,NA,NA,NA,NA,NA,NA,NA,NA,NA,NA,NA,NA,NA,NA,NA,NA,NA,NA,NA,NA,NA,NA,NA,NA,NA,NA,4.01377713702058,4.41679402414435,0.320229783915508,1105.544647599,280.174637947248
"2","ANT_1610",193.727519078022,2613.54104917334,2846.795203976,-11.3233993429575,-55.4523459761999,-28.6052060776876,587137.719778981,5.7339894675618,19.9604395911807,634.934023025338,39.9811609441584,80.279404562722,NA,NA,NA,NA,0.10325,0.87875,NA,NA,NA,NA,NA,NA,NA,NA,NA,NA,NA,NA,NA,NA,NA,NA,NA,NA,NA,NA,NA,NA,NA,NA,NA,NA,NA,NA,NA,3.62989883064609,3.99897961518078,0.463368224862403,1074.35437080511,278.879503613427
"3","ANT_1750",141.862049564419,2582.14140649787,2880.82332488577,-18.2353863265735,-36.8910497624695,-14.4368092871431,781141.135320012,5.42960698587361,19.7869613614433,612.912607951756,38.9636161110618,85.5215978076068,NA,NA,NA,NA,0.008375,0.877375,NA,NA,NA,NA,NA,NA,NA,NA,NA,NA,NA,NA,NA,NA,NA,NA,NA,NA,NA,NA,NA,NA,NA,NA,NA,NA,NA,NA,NA,3.61168136275663,4.06736992667504,0.485259796920696,1046.2724319134,277.86699817707
"4","ANT_2040",106.709314515787,2229.11346654754,2560.06916273441,-22.9621836411122,-25.4865945496854,-4.43512336846123,961305.219719824,4.86214273411423,19.0978241462212,596.431973843588,37.4570659290661,95.0896538869871,NA,NA,NA,NA,0,0.820875,NA,NA,NA,NA,NA,NA,NA,NA,NA,NA,NA,NA,NA,NA,NA,NA,NA,NA,NA,NA,NA,NA,NA,NA,NA,NA,NA,NA,NA,3.12692151599283,3.62641569053475,0.653213401578132,988.064252038681,276.151697571659
"5","ANT_2200",77.3890703198715,1834.35396517579,2125.16393528385,-19.3210433536704,-24.7939629168916,-3.92741151536463,892297.959290637,4.58734008426883,18.6838092060832,587.823991021522,36.8683111017401,103.158573133338,NA,NA,NA,NA,0,0.702857142857143,NA,NA,NA,NA,NA,NA,NA,NA,NA,NA,NA,NA,NA,NA,NA,NA,NA,NA,NA,NA,NA,NA,NA,NA,NA,NA,NA,NA,NA,2.56774510124457,3.01001054714311,0.886695278874916,915.59407300634,275.052052460708
"6","ANT_2370",58.7024600961825,1513.92567880516,1787.04276181891,-20.8104339407883,-26.968325921248,-5.74576805377848,969463.023987292,4.40736480492433,18.5006468471511,580.254541030976,36.5503082275391,114.222231124189,NA,NA,NA,NA,0,0.568,NA,NA,NA,NA,NA,NA,NA,NA,NA,NA,NA,NA,NA,NA,NA,NA,NA,NA,NA,NA,NA,NA,NA,NA,NA,NA,NA,NA,NA,2.10997560393744,2.52764021303102,1.05058053748037,845.028746404804,274.14554392827
"7","CHAM_1250",240.446840556317,3868.80089300894,4504.67976733751,-34.9351356479058,-81.8065318228652,-20.5155076533469,1039304.41402524,7.56718914870507,21.0306823697441,669.264616503428,41.5227952436967,70.4942454817235,NA,NA,NA,NA,0.438111111111111,0.861888888888889,NA,NA,NA,NA,NA,NA,NA,NA,NA,NA,NA,NA,NA,NA,NA,NA,NA,NA,NA,NA,NA,NA,NA,NA,NA,NA,NA,NA,NA,5.37370200890697,6.36297818066639,0.115147213566283,1058.95958118592,280.902645433104
"8","CHAM_1470",255.735545714297,3243.54450905097,3729.56935856819,-30.1892299565913,-60.8487983613959,-20.6220162497672,954335.112981732,7.13221366732728,21.2703420135366,648.186275230408,41.6641124378551,78.7682866208733,NA,NA,NA,NA,0.537555555555556,0.853222222222222,NA,NA,NA,NA,NA,NA,NA,NA,NA,NA,NA,NA,NA,NA,NA,NA,NA,NA,NA,NA,NA,NA,NA,NA,NA,NA,NA,NA,NA,4.51620908379584,5.26295417511644,0.271632149177268,1028.39831640822,279.882154819769
"9","CHAM_1710",182.049782722041,2955.40892568281,3414.93399730307,-34.0794418844067,-50.3999702081818,-13.327490464489,1081524.97197047,6.32945980548367,20.7458999105346,626.488434505673,40.6025335138494,85.9181182267705,NA,NA,NA,NA,0.216555555555556,0.765111111111111,NA,NA,NA,NA,NA,NA,NA,NA,NA,NA,NA,NA,NA,NA,NA,NA,NA,NA,NA,NA,NA,NA,NA,NA,NA,NA,NA,NA,NA,4.12217473042065,4.8268410184758,0.341122414815126,978.271641747382,278.494400206066
"10","CHAM_1890",148.628923708068,2461.93251368479,2811.41621075596,-26.0165930752753,-25.0207165911605,-5.17657837562236,911534.39285502,5.86070477827169,20.490682676241,610.910920082445,39.8145141601562,93.504036735579,NA,NA,NA,NA,0.150444444444444,0.693888888888889,NA,NA,NA,NA,NA,NA,NA,NA,NA,NA,NA,NA,NA,NA,NA,NA,NA,NA,NA,NA,NA,NA,NA,NA,NA,NA,NA,NA,NA,3.45795017647445,3.98202218217024,0.588133517128919,919.843547861836,277.322159416232
"11","CHAM_2020",107.133055438134,2503.01132864352,2792.31246688257,-36.4156614384696,-40.7425934003098,-17.3701164115226,1184231.23443019,5.65552399894155,20.3725739020806,605.396711390541,39.4691397927024,100.820685814219,NA,NA,NA,NA,0.0141111111111111,0.615333333333333,NA,NA,NA,NA,NA,NA,NA,NA,NA,NA,NA,NA,NA,NA,NA,NA,NA,NA,NA,NA,NA,NA,NA,NA,NA,NA,NA,NA,NA,3.49393138385905,3.93761169442486,0.593919532611654,865.943517719473,276.42325830666
"12","CHAM_2180",75.4225040735878,2075.71753887965,2444.22673313713,-36.0862122930949,-20.1893591984106,-2.35288704078966,1215647.91793786,5.37677785363606,19.9909047048329,596.474410186166,38.8012209805575,109.989108198958,NA,NA,NA,NA,0.00811111111111111,0.533666666666667,NA,NA,NA,NA,NA,NA,NA,NA,NA,NA,NA,NA,NA,NA,NA,NA,NA,NA,NA,NA,NA,NA,NA,NA,NA,NA,NA,NA,NA,2.91677115279845,3.46499126768056,0.772214644573803,788.467372341773,275.37190732089
"13","LORI_1370",204.982231201151,3547.6460776099,4077.0300430127,-25.4282332463039,-75.7267153767562,-25.464826220624,895098.046088019,7.69665277754682,21.2859801915817,698.782402671379,42.7021845037287,74.0711091731833,NA,NA,NA,NA,0.242857142857143,0.801142857142857,NA,NA,NA,NA,NA,NA,NA,NA,NA,NA,NA,NA,NA,NA,NA,NA,NA,NA,NA,NA,NA,NA,NA,NA,NA,NA,NA,NA,NA,4.92661416209553,5.74912504962755,0.213477597115671,925.215756754274,280.632316671925
"14","LORI_1620",195.689422068189,3498.1720240047,3887.31824704411,-29.3470560302972,-84.0208935570307,-25.3283321030825,1029168.65995134,6.97806324678309,20.7615591106993,665.449178803204,41.5278611616655,80.8216044859645,NA,NA,NA,NA,0.2664,0.8152,NA,NA,NA,NA,NA,NA,NA,NA,NA,NA,NA,NA,NA,NA,NA,NA,NA,NA,NA,NA,NA,NA,NA,NA,NA,NA,NA,NA,NA,4.84464169697167,5.48011984834253,0.215955913241753,895.569140607362,279.342962809971
"15","LORI_1800",167.957467976795,3052.63760791832,3171.48456616056,-25.3095623254833,-85.9481883440831,-51.1715670678376,960192.441602874,6.43249543212639,20.6151435323608,640.684811047345,40.6931568492543,89.2944176090931,NA,NA,NA,NA,0.102833333333333,0.820166666666667,NA,NA,NA,NA,NA,NA,NA,NA,NA,NA,NA,NA,NA,NA,NA,NA,NA,NA,NA,NA,NA,NA,NA,NA,NA,NA,NA,NA,NA,4.20969860878697,4.42768872420278,0.372242554068962,850.015202034661,277.798679178411
"16","LORI_1930",131.004756770216,2767.94753374614,3168.60655872054,-30.2874073835918,-62.5938171192642,-21.7357422632897,1116324.0600599,5.78217045613733,19.822239252396,634.259839144575,39.5803389115767,93.1760149602969,NA,NA,NA,NA,0.0116,0.7992,NA,NA,NA,NA,NA,NA,NA,NA,NA,NA,NA,NA,NA,NA,NA,NA,NA,NA,NA,NA,NA,NA,NA,NA,NA,NA,NA,NA,NA,3.83886621296384,4.46537396556111,0.367860934600514,836.424327427287,277.059226667726
"17","LORI_2130",114.297277657834,2510.87290449383,2798.85964530937,-29.2052132026185,-39.8304262293137,-13.1832047468042,1113225.86179145,5.2340221424713,19.1275547902821,625.659557786698,38.3493971391158,99.4050877935733,NA,NA,NA,NA,0,0.757571428571429,NA,NA,NA,NA,NA,NA,NA,NA,NA,NA,NA,NA,NA,NA,NA,NA,NA,NA,NA,NA,NA,NA,NA,NA,NA,NA,NA,NA,NA,3.50638122560755,3.95284324641232,0.528666040310948,814.29055767626,275.959262352485
"18","LORI_2330",82.4172855131489,2176.83617740711,2414.71379486165,-28.6814144132225,-34.9207982420601,-9.04226580258856,1158752.38251922,4.83181026919338,18.8722984181854,608.913485189351,37.6528930664062,109.76036711026,NA,NA,NA,NA,0,0.505857142857143,NA,NA,NA,NA,NA,NA,NA,NA,NA,NA,NA,NA,NA,NA,NA,NA,NA,NA,NA,NA,NA,NA,NA,NA,NA,NA,NA,NA,NA,3.03935360820635,3.41362059077009,0.663748078135054,732.18565916316,274.729386259467
"19","RIS_1900",139.240537613095,1352.83078960725,1570.74855634225,-10.6742266204016,-57.7097843523689,-35.0579214324682,360993.471906042,9.00564252776627,21.5010275242133,675.344273170708,41.9727117365057,100.376408625651,277.999608393109,NA,76,31.5730769230769,0.00322222222222222,0.810666666666667,10.3153654915044,5.94833333333333,6.10584898789723,0.295385318497817,0.241333333333333,83.3333333333333,17,4.85,0.006,184.333333333333,94.3333333333333,0.862333333333333,0.0458666666666667,0.00266666666666667,0.109833333333333,198.666666666667,439.333333333333,0.0082,4404.40833333333,1157.635,163.801666666667,63.1216666666667,284.39,1493.72666666667,248.858333333333,1,1900,1016410.9285,6413181.4883,3.67552400872128,4.3582551558327,0.251774030601727,426.260985554774,278.22153656204
"20","RIS_2195",91.4193848448116,1117.06572593824,1318.52978723762,-12.6781102159818,-48.2458188699775,-27.8308200634913,423722.547200251,6.95071554036332,19.835654105975,623.321475044742,38.9763946533203,112.693029627408,276.484103282073,NA,133,6.63,0,0.662555555555556,7.74464763041119,5.88333333333333,6.41475363572438,0.512754167119661,0.100866666666667,92.6666666666667,0,8.09,0.0027,182,110.333333333333,1.111,0.0734333333333333,0.011,0.2374,206,409,0.0525,2540.42833333333,340.483333333333,328.633333333333,58.04,414.51,2196.35,397.33,0,2195,1019971.60913,6408717.86776,3.0332866299667,3.66297436504525,0.331580002021643,376.886848972853,276.176224258555
"21","RIS_2340",79.1892394139449,1039.71172582488,1269.39025411579,-16.0608020335069,-42.7042317528057,-16.3526155277208,538000.156399641,6.49477588429171,19.8555305943345,614.677693451969,39.0176225142045,123.069432850364,275.359347519754,NA,87,NA,0.000111111111111111,0.560888888888889,10.6076661606527,5.81428571428571,6.8876781463623,0.557867561777432,0.0610333333333333,82.6666666666667,0,6.61666666666667,0.00903333333333333,134,95.3333333333333,0.815333333333333,0.0492333333333333,0.00533333333333333,0.122,210,478,0.0293666666666667,5007.95666666667,913.808333333333,382.11,46.08,393.45,1672.78166666667,385.396666666667,0,2340,1020061.74486,6409257.57003,2.8294846322995,3.55609236957399,0.30916748562625,339.652695980869,274.821225046595
"22","RIS_2570",52.0012543716572,856.398036894853,1055.35734078928,-15.8013630704567,-32.1652569244682,-10.3814633288068,566712.403880836,5.95232661811191,19.6413227428089,611.479803689628,38.7284906560724,133.657743163103,274.227712917755,NA,46,NA,0,0.423571428571429,5.1851967238394,5.34428571428571,3.33454277118047,0.272268655399481,1.31666666666667,99.3333333333333,0,0.861666666666667,0.0109,233.333333333333,142.333333333333,0.170966666666667,0.0117333333333333,0.0183333333333333,0.0683,169.666666666667,355.333333333333,0.0781,2034.1,250.28,108.895,28.7133333333333,334.568333333333,1346.41,375.516666666667,0,2570,1020901.70079,6409349.71461,2.33915391632462,2.96561781529029,0.401666623065855,304.139970409022,273.443549746559
"23","RIS_2770",27.5698046135332,689.663131094472,855.941780589736,-14.0675764596877,-48.9434160355638,-25.853673542674,534712.388359997,5.37073196001712,19.2404679632806,603.073293860307,37.9579675847834,141.56426855502,273.250590263361,NA,73,NA,0,0.279857142857143,12.9731765944634,5.46428571428571,6.69608461856841,0.516756996512413,0.7635,266.5,0,9.585,0.0097,377.5,126.5,0.6635,0.0165,0.018,0.2995,104,125.5,0.02885,4968.74833333333,465.958333333333,220.94,27.7166666666667,360.508333333333,1833.17666666667,419.336666666667,0,2770,1021456.71868,6409727.60242,1.81834800455315,2.35577120162995,0.552245334079456,273.484450823001,272.252864713793
"24","RIS_2890",5.45771012308373,662.215649910669,846.843230070568,-15.6168483698545,-44.0261385470329,-17.7325904346454,594113.492454006,4.90001666262915,18.6798764678823,593.514008805746,37.1333951083097,144.6945203979,272.726940727916,NA,41,NA,0,0.17,3.3071173946803,5.84,2.18607874711354,0.185215141624212,0.2945,57,0,2.395,0.00555,197,127.5,0.364,0.0102,0.008,0.05,152.5,466,0.0521,1265.28833333333,204.66,78.9816666666667,8.40333333333333,169.491666666667,967.665,230.015,0,2890,1021715.15244,6409869.92656,1.75440779798762,2.35299717130938,0.517665639403977,255.83136110009,271.64713390565
"25","VCHA_2150",99.2165403278081,1217.94103331798,1462.56222649362,-17.8011736618111,-31.966347959824,-9.21625201624345,545561.076169184,6.95460961797535,19.5607113198284,621.2045938574,38.7471674138849,106.230455356295,276.815377498833,NA,73,NA,0.003625,0.5245,17.5802544132228,5.18571428571429,10.6313773790995,0.86570287744204,0.00805,290,NA,3.55,0.00805,237.5,75,0.63,0.00805,0.0285,0.375,124,273.5,0.0133,2593.81269366667,152.478363513333,246.998171766667,1.67595804,198.9587475,914.770242666667,354.687468216667,0,2150,951878.740076,6405882.65257,3.3657692308926,4.12456287906375,0.412917212794686,630.931903493087,276.409699625783
"26","VCHA_2330",57.9695000875345,977.731934661008,1179.05703886034,-17.1762977243266,-31.193660763912,-16.6280860688421,559241.206661251,6.14206500294531,19.0631870583538,597.730318113148,37.7721224698153,118.106876190816,275.450627272173,NA,49,NA,0.000125,0.3565,12.9724808013819,5.08333333333333,8.46062533060709,0.614864945411681,0.00715,122,NA,0.506,0.00715,239.333333333333,107.666666666667,0.0853,0.00715,0.015,0.116666666666667,177,354,0.0191,2191.14985883333,43.9359379833333,124.804358588333,0.240676426833333,190.233574795,789.10988785,301.920031966667,0,2330,952017.702977,6406424.12502,2.68625413128691,3.29894697644647,0.605694409582911,537.25360794617,274.693617345967
"27","VCHA_2510",10.3766127218873,752.87407513441,917.009967132307,-14.8394495576457,-16.1454404751159,-3.12481227399963,523162.330986669,5.53031266707508,18.6991670451639,586.799467474483,37.3319660533558,131.038998804384,274.349208142547,NA,43,NA,0,0.202222222222222,10.108428150362,5.55,2.5197603503863,0.21394931524992,0.0085,67,NA,0.215,0.0085,124,112,0.0178,0.0085,0.021,0.0274,336,361,NA,618.459602266667,48.1380775916667,75.6770413583333,1.63873394283333,62.085157122,384.100824583333,67.69053667,0,2510,952290.060521,6407310.95793,2.09081913860997,2.59358532080531,0.862546641441735,463.42284335036,273.370030580661
"28","VCHA_2760",11.9819666997747,863.609246770709,964.282327628593,-17.3237682990777,-40.2911298342275,-23.2552321708141,609687.763376223,5.2236568029697,18.6488239569065,582.624517868039,37.2344027432528,141.10128392745,273.618352576092,NA,56,NA,0,0.20875,20.8527062022692,4.52,12.0662943522135,0.859653711318969,0.0378333333333333,208.333333333333,NA,0.407666666666667,0.0378333333333333,238.333333333333,123.333333333333,0.141733333333333,0.0378333333333333,0.032,0.0976666666666667,129.666666666667,300.333333333333,0.0341333333333333,5474.70962833333,298.693935916667,306.167036833333,13.3326919125,466.721376616667,2119.818113,818.25627675,0,2760,952878.984655,6408212.97378,2.33655812340075,2.67061353200092,0.772201255865594,415.060989281232,272.503464719434
"29","VCHA_2940",1.36950709486256,579.166476906536,744.085791101103,-18.0020323618525,-33.4687716200336,-15.8330380333663,655194.148014423,4.47790788349352,17.9393656181567,567.734591272433,35.762861772017,147.063867265982,272.612325593395,NA,33,NA,0,0.149625,13.1314180866157,4.78833333333333,8.62299410502113,0.598127206166585,0.0186,123,NA,0.697,0.0186,134.5,123.5,0.18235,0.0186,0.0155,0.11335,227,392,0.0201,3506.252556,278.336666666667,182.23910258,8.73179429216667,259.541922605,1403.33127368333,445.812181316667,0,2940,952592.111432,6408612.67992,1.54867769818151,2.066764779088,1.01774836654897,346.413706770004,271.407372239348
"30","VCHA_3160",0,NA,NA,NA,NA,NA,NA,NA,17.1541610981995,564.639170436728,34.7838592529297,156.742515429623,271.611245278014,NA,11,NA,0,0.116555555555556,NA,NA,NA,NA,0.0226,60,NA,0.101,0.0226,67,38,0.0422,0.0226,0.081,0.0308,134,701,NA,NA,NA,NA,NA,NA,NA,NA,0,3160,952519.424147,6409154.22769,NA,NA,NA,294.694304399573,270.48861101489
"31","ARG_1420",197.427884271558,1764.14758369299,2044.8920848441,-12.758739008235,-38.6440837650891,-12.5808232317119,455571.679652646,7.51400329306399,21.1787858277688,686.945133486833,42.4212466153232,75.9540994697108,279.727998161401,NA,26,28.5628571428571,0.154833333333333,0.830166666666667,21.3829839425237,4.05666666666667,10.4774649143219,0.388902677843968,0.0293666666666667,84.75,NA,0.0648333333333333,0.0293666666666667,240.5,184.25,0.1004,0.0293666666666667,0.046,0.0705333333333333,195.75,294.75,0.0102666666666667,5920.92666666667,634.903333333333,92.0033333333333,50.43,116.83,895.32,378.853333333333,1,1420,1004705.50295,6550296.53253,4.89693975727731,5.7676532192302,0.20419694016892,920.073646548708,280.319439124235
"32","ARG_1620",184.387105157528,1629.5577137196,1893.60078974143,-13.0547145376729,-33.8433721332248,-8.92740876114089,476679.770485015,6.93934562454775,20.7272876227573,664.295616074611,41.4607460715554,81.1574325167567,278.903289378424,NA,39,28.4953488372093,0.0958,0.8594,25.7437512552135,4.15666666666667,13.1574578285217,0.476251358787218,0.0799333333333333,81.6666666666667,NA,0.788,0.0799333333333333,243.333333333333,188.666666666667,0.320233333333333,0.0799333333333333,0.024,0.1324,207,279.333333333333,0.0193333333333333,6223.39666666667,1123.70333333333,115.718333333333,135.388333333333,298.618333333333,1881.51666666667,472.478333333333,1,1620,1004900.53643,6550484.06023,4.52860107261355,5.34866026593994,0.243567636625236,893.313995693052,279.268388971106
"33","ARG_1790",170.913484103163,1446.87973672615,1668.20941285548,-12.8665158118976,-31.8488489837844,-10.3993730513996,488131.192050539,6.46153455326801,20.5860782309528,643.171470843105,40.7393382679332,88.3914664466152,277.930837418932,NA,38,35.2074074074074,0.120666666666667,0.856333333333333,33.5716120594704,4.11166666666667,17.088995774587,0.720527067780492,0.06345,78,NA,1.0796,0.06345,159.5,152.25,0.3726,0.06345,0.02325,0.180325,231,379.25,0.013675,9265.60666666667,859.89,127.341666666667,60.5933333333333,84.965,1100.60166666667,541.385,0,1790,1005186.51245,6550607.25872,4.01582553280858,4.70482725434595,0.322437584007928,854.074462369072,277.941373866358
"34","ARG_2000",132.815064649082,1206.89068027407,1385.25275623459,-10.4181755108719,-16.0302030077968,-4.90431617360189,440313.052026332,5.4573784228818,19.403326752898,631.140526915314,38.9609666304155,95.772087247647,277.038980789655,NA,47,NA,0.0146666666666667,0.804222222222222,52.6637478041639,4.05833333333333,26.8359290758768,1.01268882552782,0.0605333333333333,85.3333333333333,NA,1.245,0.0605333333333333,203.333333333333,147.666666666667,0.548633333333333,0.0605333333333333,0.1095,0.372066666666667,149.333333333333,414.333333333333,0.0199666666666667,12651.94,759.48160206,166.656666666667,87.645,0,628.486666666667,1186.80833333333,0,2000,1005537.14185,6550669.60592,3.37963499740171,3.9173975337128,0.554803837260317,828.979644174336,276.581207225849
"35","ARG_2230",115.791029466078,1132.70184714522,1344.92675886146,-13.9250640373691,-36.5736375811866,-19.7906693650124,558410.508337309,4.96643416775762,18.9206734364167,615.388460159356,37.8218994140625,104.487238127067,275.983181651804,NA,75,NA,0.001,0.70325,20.9426266948782,4.38333333333333,11.4281119619097,0.588682958057948,0.0378,55.25,NA,0.52975,0.0378,243.25,219.5,0.189225,0.0378,0.029,0.1597,200,282,0.014925,11317.5616666667,651.075383316667,163.7,33.9366666666667,214.286666666667,316.258333333333,1204.48333333333,0,2230,1006146.70699,6550371.29957,3.11078697244695,3.76070613634182,0.548516349068498,766.711822331519,275.247969532426
"36","ARG_2400",91.7822835030338,946.384264366276,1138.75695591576,-13.8613201873111,-22.1141916920327,-8.71473439560172,574669.597796291,4.7551617774924,18.9259008927779,602.47851681483,37.5676477605646,116.413493385101,275.076581614224,NA,78,NA,0,0.571,21.30144122944,4.36166666666667,9.9863882064819,0.596310570836067,0.0265,95.6666666666667,NA,0.890333333333333,0.0265,212.333333333333,253.666666666667,0.3797,0.0265,0.04,0.209166666666667,253.333333333333,185,0.0303666666666667,8916.11333333333,549.221042683333,204.738333333333,10.26,195.74,340.561666666667,1218.10833333333,0,2400,1006190.00078,6550578.33812,2.62305748178965,3.20703416840085,0.713470958689152,699.7647503779,274.246928945764
"37","ARM_1520",139.152724589091,1569.48118604352,1763.80146865489,-11.8944449765222,-43.1724350011347,-24.5642417077385,394556.416727352,6.18372866588234,20.8311614825096,638.826796176004,41.0477031360973,75.9157266802579,279.466957513334,NA,81,NA,0.0332222222222222,0.782777777777778,23.7946496487513,7.21333333333333,11.37699842453,0.962311714887617,0.0300666666666667,394.666666666667,15.3333333333333,31.7666666666667,0.00186666666666667,362,134.666666666667,1.51666666666667,0.00856666666666667,0.00633333333333333,0.168,84.3333333333333,24.3333333333333,0.0963666666666667,3426.57166666667,488.413333333333,176.238333333333,52.7066666666667,307.2,1166.17833333333,205.225,0,1520,950927.546785,6507770.8787,4.33162958242164,4.93591576274991,0.346110176052709,1077.7556762304,279.482497979036
"38","ARM_1750",128.802841636045,1506.1635868225,1737.92114102066,-16.3182749346243,-27.9231681624937,-8.40450482427685,526919.005157888,5.25583995901763,20.2562264611711,593.2883531295,39.1596721302379,82.5227379798574,278.726035616498,NA,56,NA,0.0045,0.762833333333333,9.97925458394366,5.45833333333333,4.41824650764465,0.364470844467481,1.32933333333333,281.666666666667,0,4.54,0.0098,354.333333333333,158.333333333333,0.311333333333333,0.0352666666666667,0.00266666666666667,0.0906,146,59.6666666666667,0.059,3404.49333333333,275.16,122.446666666667,36.1166666666667,190.968333333333,738.266666666667,298.493333333333,0,1750,951561.855137,6508062.60409,4.19521274645513,4.90832894689377,0.347415939065617,1041.68484029817,278.358058970728
"39","ARM_1980",120.343839051494,1235.14417856145,1421.82054332291,-13.38980536707,-33.3439332659451,-19.5386908060039,473345.080320905,4.75425114744834,19.5590649394246,577.011925115107,37.8115664395419,90.3084971637854,277.589833073727,NA,80,NA,0.0028,0.6658,13.3045303915266,6.47666666666667,6.25853411356607,0.443509598573049,0,373,0,23.3,0,342.5,149.5,0.676,0.02745,0.013,0.3825,99.5,35.5,0.0389,2534.97333333333,250.001666666667,113.368333333333,23.6816666666667,132.485,642.536666666667,141.22,0,1980,951892.982421,6508371.75336,3.41068181069417,3.97964406029051,0.606947495711125,993.377454226766,276.948002266161
"40","ARM_2140",113.340740538408,1141.79608805017,1349.764533684,-17.4417723959689,-19.4642089329249,-8.09900697983992,594911.574748068,4.65815286075368,19.3263642777612,573.994887149546,37.4235007546165,96.2400610120528,276.799725709574,NA,55,NA,0.0025,0.671166666666667,13.027502353333,4.84333333333333,5.24633367856343,0.371132890383402,4.5275,359.5,0,2.9925,0.013525,357,158.75,0.634,0.082025,0.006,0.3515,93.5,31.25,0.036,3632.47666666667,352.225,127.996666666667,42.56,313.593333333333,1034.465,645.048333333333,0,2140,952123.383087,6508278.44492,3.18515239171561,3.80761630385599,0.683883594872334,953.102004902238,276.025443840853
"41","LAU_1920",112.426301952861,2796.25990552606,3325.37904876136,-33.8144344489091,-100.80932725065,-44.720589701093,1048339.99842239,7.27105254654545,21.1698723830186,651.354519771755,41.2193825461648,86.2777410234546,NA,NA,NA,NA,0,0.748111111111111,NA,NA,NA,NA,NA,NA,NA,NA,NA,NA,NA,NA,NA,NA,NA,NA,NA,NA,NA,NA,NA,NA,NA,NA,NA,NA,NA,NA,NA,3.82481377206263,4.65521711166962,0.255965988034021,505.642821322367,277.27860353313
"42","LAU_2100",109.301300047914,2382.79933319737,2811.19047191842,-31.6480476941028,-79.6873807701856,-41.7791815781438,994328.327596933,6.8119076275112,20.9027393886021,626.067438512377,40.3594554554332,95.7880794933051,NA,NA,NA,NA,0,0.802333333333333,NA,NA,NA,NA,NA,NA,NA,NA,NA,NA,NA,NA,NA,NA,NA,NA,NA,NA,NA,NA,NA,NA,NA,NA,NA,NA,NA,NA,NA,3.26808971577645,3.92976318288738,0.380254554435005,469.165215090114,276.330597865117
"43","LAU_2300",94.0304307819628,2138.87933533181,2596.12878051729,-36.0430360955519,-92.1464755026432,-45.9221047871624,1156829.54037127,6.02156952266477,20.0339347872383,604.532469623698,38.8732563365589,104.943356730838,NA,NA,NA,NA,0,0.687333333333333,NA,NA,NA,NA,NA,NA,NA,NA,NA,NA,NA,NA,NA,NA,NA,NA,NA,NA,NA,NA,NA,NA,NA,NA,NA,NA,NA,NA,NA,2.90429069377204,3.61871432314647,0.400754095505569,406.328438849699,275.028262695709
"44","LAU_2470",73.1700851461389,1706.79171862683,2082.16370478124,-32.6355439931371,-34.9902494422373,-9.10129070418759,1102552.96001052,5.6971300044419,19.8561695974111,592.827340183657,38.2369273792614,115.964662315572,NA,NA,NA,NA,0,0.503875,NA,NA,NA,NA,NA,NA,NA,NA,NA,NA,NA,NA,NA,NA,NA,NA,NA,NA,NA,NA,NA,NA,NA,NA,NA,NA,NA,NA,NA,2.37226730663448,2.94165203235907,0.594679819963352,358.24395946081,273.924886992483
"45","LAU_2700",29.6989630424945,1363.68642577299,1715.98828858673,-33.3309254777455,-29.4204508515153,-4.31777401659367,1179941.37144081,5.40742996578,19.6846207127427,583.891385959048,38.0228354714134,132.407507660076,NA,NA,NA,NA,0,0.359444444444444,NA,NA,NA,NA,NA,NA,NA,NA,NA,NA,NA,NA,NA,NA,NA,NA,NA,NA,NA,NA,NA,NA,NA,NA,NA,NA,NA,NA,NA,1.8933082719474,2.42884102944679,0.717007463469538,297.219014601912,272.383593538623
"46","RBI_1070",186.211131569982,1853.45973753326,2100.22775814798,-9.31072080828322,-127.074151511077,-85.9792561110419,311138.668698956,9.89252261702121,23.0774714812572,685.87063152166,43.5172895951705,62.7831534903826,NA,NA,NA,NA,0.0306666666666667,0.827444444444444,NA,NA,NA,NA,NA,NA,NA,NA,NA,NA,NA,NA,NA,NA,NA,NA,NA,NA,NA,NA,NA,NA,NA,NA,NA,NA,NA,NA,NA,4.89944309758618,5.71639151764869,0.0709849700278281,815.079516848213,282.607389722552
"47","RBI_1310",158.493426517892,1618.82076615244,1801.05845984545,-6.64067811371727,-75.7561767721421,-48.1391414065672,259373.980936768,9.36865607971254,22.6927283150809,678.821121709433,43.2534262917259,68.4329027610801,NA,NA,NA,NA,0.0175,0.802833333333333,NA,NA,NA,NA,NA,NA,NA,NA,NA,NA,NA,NA,NA,NA,NA,NA,NA,NA,NA,NA,NA,NA,NA,NA,NA,NA,NA,NA,NA,4.37918227120312,4.97474522776773,0.170068506710238,786.554638649101,281.568560298903
"48","RBI_1500",130.868007975889,1640.75705497918,1891.98690300503,-12.8088885803262,-50.5482020846603,-25.2429455782751,393612.906473108,9.0578154415292,22.3751125253124,689.681403992864,43.4407154430043,79.7502174794308,NA,NA,NA,NA,0.00166666666666667,0.718444444444444,NA,NA,NA,NA,NA,NA,NA,NA,NA,NA,NA,NA,NA,NA,NA,NA,NA,NA,NA,NA,NA,NA,NA,NA,NA,NA,NA,NA,NA,4.51297662070169,5.29777696896139,0.193782184161627,738.076028524737,280.285426631118
"49","RBI_1550",124.21990363975,1500.58878347403,1683.64741772315,-8.28043126007449,-64.7257884651752,-42.5271930025823,297334.536665879,9.07134568063836,22.3956846261953,689.684565317258,43.454458063299,79.6864937648384,NA,NA,NA,NA,0.002,0.722888888888889,NA,NA,NA,NA,NA,NA,NA,NA,NA,NA,NA,NA,NA,NA,NA,NA,NA,NA,NA,NA,NA,NA,NA,NA,NA,NA,NA,NA,NA,4.0749465802625,4.65746193806146,0.248204920681379,738.65021743633,280.313994081505
"50","RBI_1750",100.618589628862,1272.26629719156,1414.34186646904,-6.82803270117832,-73.2233124533078,-51.9100669349816,273520.931925616,8.49609745840539,21.7414913260059,690.448364045698,42.9093211780895,84.6956183396051,NA,NA,NA,NA,0,0.720111111111111,NA,NA,NA,NA,NA,NA,NA,NA,NA,NA,NA,NA,NA,NA,NA,NA,NA,NA,NA,NA,NA,NA,NA,NA,NA,NA,NA,NA,NA,3.40285676783302,3.86655051467353,0.374565665681038,706.639134081307,278.687645330058
"51","RBI_1950",83.4535430844626,1064.21417961216,1193.39295383016,-7.27886291813311,-23.7506706069362,-8.83894434824142,289728.234465259,7.58167875858775,20.7088610331217,653.438894275748,40.964057228782,90.657019528165,NA,NA,NA,NA,0,0.673285714285714,NA,NA,NA,NA,NA,NA,NA,NA,NA,NA,NA,NA,NA,NA,NA,NA,NA,NA,NA,NA,NA,NA,NA,NA,NA,NA,NA,NA,NA,2.95281181606229,3.36173738501059,0.577567148372185,644.260885080666,277.184745037194
"52","RBI_2150",66.49958386644,814.948511142502,911.566704934379,-6.24731568215782,-20.0984765205334,-6.79010287658827,268981.018919723,6.78572143145267,19.9256371502236,618.502980361094,39.2659384987571,100.71707448649,NA,NA,NA,NA,0,0.500571428571429,NA,NA,NA,NA,NA,NA,NA,NA,NA,NA,NA,NA,NA,NA,NA,NA,NA,NA,NA,NA,NA,NA,NA,NA,NA,NA,NA,NA,NA,2.25576635212633,2.56773545475637,0.830396937431838,573.315651117762,275.842326556449
"53","TEN_1430",241.434490462588,2264.09878997258,2602.78787879475,-20.8973261361654,-89.8116230723143,-26.5591474396238,558619.66487933,7.92015010333775,19.5090768326929,640.378197212753,38.9481589577415,92.8386653694536,NA,NA,NA,NA,0.414444444444444,0.799,NA,NA,NA,NA,NA,NA,NA,NA,NA,NA,NA,NA,NA,NA,NA,NA,NA,NA,NA,NA,NA,NA,NA,NA,NA,NA,NA,NA,NA,6.17057761504202,7.31127864935666,0.0536958858068428,883.709000285126,282.612324388512
"54","TEN_1670",204.547200680807,2017.31625256285,2238.90471101243,-19.1619968213841,-71.4031240819849,-27.0833189584756,550279.667661887,7.02122164510721,19.0602931563472,631.133823813796,38.2930630770597,100.455774668499,NA,NA,NA,NA,0.206666666666667,0.771222222222222,NA,NA,NA,NA,NA,NA,NA,NA,NA,NA,NA,NA,NA,NA,NA,NA,NA,NA,NA,NA,NA,NA,NA,NA,NA,NA,NA,NA,NA,5.52245727897047,6.27709889385798,0.14555932973326,848.372377282145,281.067732575652
"55","TEN_1890",153.002961429777,1780.02390170473,2005.95201718831,-19.6067738394748,-70.0636732450544,-27.2849685896017,586429.289436683,6.25833207830187,18.7976852681214,622.235267866884,37.8883389559659,107.129408344185,NA,NA,NA,NA,0.0592222222222222,0.712111111111111,NA,NA,NA,NA,NA,NA,NA,NA,NA,NA,NA,NA,NA,NA,NA,NA,NA,NA,NA,NA,NA,NA,NA,NA,NA,NA,NA,NA,NA,4.8528283057421,5.61541216062586,0.21551379248965,791.069320193116,279.606499758634
"56","TEN_2080",109.778439826608,1507.23610539963,1757.39625737686,-20.1557721490281,-64.1818909576035,-27.1556175029071,620922.960869375,5.62083442144719,18.3725156412496,613.216996199605,37.564809625799,112.466764033366,NA,NA,NA,NA,0.015625,0.6475,NA,NA,NA,NA,NA,NA,NA,NA,NA,NA,NA,NA,NA,NA,NA,NA,NA,NA,NA,NA,NA,NA,NA,NA,NA,NA,NA,NA,NA,4.0953550977457,4.91038365289304,0.315093362188679,705.888430253065,277.977725478994
"57","TEN_2280",97.6518222962196,1326.91574711683,1438.17802716591,-18.4823986186963,-49.2823577608076,-22.9258094781911,618813.969883392,5.12405674622401,18.0058871843082,608.291633616792,37.1028206565163,119.1616305641,NA,NA,NA,NA,0.00425,0.618375,NA,NA,NA,NA,NA,NA,NA,NA,NA,NA,NA,NA,NA,NA,NA,NA,NA,NA,NA,NA,NA,NA,NA,NA,NA,NA,NA,NA,NA,3.62589455183596,4.01645366216845,0.50523433145987,601.701259349077,276.079359772918
"58","TEN_2480",58.1415207141405,1003.97920186233,1122.37527075731,-16.5968313845753,-20.0946272834373,-5.30407874211309,603012.285491142,4.8211969940532,17.8062731920383,601.32039046378,36.7798115123402,127.950369157795,NA,NA,NA,NA,0.002,0.484555555555556,NA,NA,NA,NA,NA,NA,NA,NA,NA,NA,NA,NA,NA,NA,NA,NA,NA,NA,NA,NA,NA,NA,NA,NA,NA,NA,NA,NA,NA,2.79224208471823,3.17022268115767,0.772894440670452,514.707522841586,274.53194267306
"59","VAL_1860",131.268494254398,1405.88554183788,1646.60036300861,-14.5793454228287,-65.1218428144079,-41.9301654707364,455462.397238534,7.56782851794925,21.459463722262,664.313814360365,41.9459339488636,83.0620323213469,278.122422197116,NA,65,NA,0,0.758888888888889,12.9962985292933,5.94666666666667,5.48949548176356,0.493412937436785,0.0209,330.75,0,20.35,0.00215,366.75,139.75,1.22225,0.0814,0.02225,0.171925,106.5,56.25,0.034925,4412.75833333333,710.501666666667,395.683333333333,72.07,518.91,1889.36333333333,413.573333333333,0,1860,968137.147129,6452484.97555,3.80505693737313,4.55401758847177,0.270687016637092,523.335552109053,277.745189559408
"60","VAL_2050",119.775608139163,1330.44452913766,1519.39836963067,-16.915247498889,-46.7070068733495,-21.5391091356904,523112.90961489,6.94644926403821,20.9579401387797,634.593886362063,40.6027402010831,92.0689827965024,277.147297618665,NA,80,NA,0,0.807,19.2715333864532,5.71333333333333,8.68847195307412,0.685873245199521,0.535766666666667,373,0,12.24,0.00776666666666667,270.666666666667,125.666666666667,1.80533333333333,0.2296,0.0186666666666667,0.513333333333333,83.3333333333333,147.333333333333,0.0298,7036.20166666667,1063.145,427.098333333333,80.3066666666667,651.691666666667,2512.85333333333,635.816666666667,0,2050,967710.005239,6452994.94205,3.64321794244258,4.25089057416015,0.321235862516388,481.615655182238,276.655985497809
"61","VAL_2250",110.429917329581,1178.53995778597,1336.23916182291,-17.4853929033523,-40.4025858757682,-19.7396089255723,555777.52042247,6.18711226692633,20.1707716112013,611.52944053042,39.2690665505149,101.174198500469,275.984586233406,NA,85,NA,0,0.796285714285714,18.995123247637,5.725,8.94726475079852,0.737560749053954,0.8925,290.5,0,9.06,0.004575,267.5,131.75,1.26325,0.0688,0.021,0.49775,100.25,210,0.0603,8399.38833333333,1343.43166666667,444.831666666667,125.018333333333,893.565,3231.76666666667,839.11,0,2250,967289.845098,6453256.8509,3.230008021417,3.73619584155591,0.407080666769145,425.77799719353,275.439679364621
"62","VAL_2450",97.6785409460988,947.837019703241,1090.26437242549,-16.9349623772664,-24.0372666897555,-9.62621346178972,565572.748234309,5.75480364080061,19.9185471968217,593.3588214875,38.3059831099077,115.121843314077,274.719162218231,NA,77,NA,0,0.719714285714286,22.403501907964,5.35166666666667,10.6094981829325,0.728824764490127,1.00166666666667,349,0,13.6066666666667,0.0136666666666667,277.666666666667,132.333333333333,2.06,0.135,0.0213333333333333,0.991333333333333,77,164,0.0215666666666667,9297.21333333333,1017.725,350.318333333333,31.85,460.768333333333,2277.41333333333,635.505,0,2450,966753.690701,6453484.05403,2.62172272527047,3.0668265605265,0.55742404553125,363.720556330211,274.061067820627
"63","VAL_2710",45.9691925331283,744.613857306459,879.177185334741,-16.9623594938878,-17.6520837590118,-3.92186559610651,599239.294363447,5.39035140077888,19.6682272411528,583.568364508979,37.9924746426669,132.494901718011,273.229697393605,NA,63,NA,0,0.442222222222222,8.5349666973293,5.83333333333333,3.75412133761814,0.319871008396149,0.819666666666667,288.666666666667,0,10.9466666666667,0.00303333333333333,317.666666666667,132,0.441333333333333,0.0270666666666667,0.005,0.204666666666667,72.6666666666667,189,0.0287,3500.20166666667,663.708333333333,226.106666666667,52.8716666666667,496.281666666667,1947.08333333333,392.678333333333,NA,NA,NA,NA,2.06310100851959,2.48395472578044,0.696738094150348,296.053147446976,272.353004249143
"64","VAN_1400",201.424084152387,1924.0729457058,2186.55615803328,-14.3845952901286,-104.295199613622,-61.7539627056491,434085.167753292,9.69810442142073,22.4543041708149,772.63429547462,45.6151497580788,80.9668064327074,NA,NA,NA,NA,0.231555555555556,0.690222222222222,NA,NA,NA,NA,NA,NA,NA,NA,NA,NA,NA,NA,NA,NA,NA,NA,NA,NA,NA,NA,NA,NA,NA,NA,NA,NA,NA,NA,NA,5.16448792750619,6.0301403892167,0.0816147661880882,566.211187171406,280.424152547663
"65","VAN_1630",182.33847740411,1732.6642163575,1990.37179941062,-15.7753893618262,-98.0509831144985,-50.5448156786683,491042.358600312,9.45116672181247,22.2182179240437,754.12072012755,44.969315962358,86.3410166558936,NA,NA,NA,NA,0.223,0.726833333333333,NA,NA,NA,NA,NA,NA,NA,NA,NA,NA,NA,NA,NA,NA,NA,NA,NA,NA,NA,NA,NA,NA,NA,NA,NA,NA,NA,NA,NA,4.63899524398168,5.50518493835176,0.0990039576104777,536.330305472455,278.948843522505
"66","VAN_1800",173.521274749673,1544.6125359645,1732.04334828705,-14.8118292406339,-52.4349889744586,-20.0286290111407,489474.09526468,8.98535523153803,21.8785301472718,738.181573678382,44.3714835427024,92.8083087257557,NA,NA,NA,NA,0.126285714285714,0.777285714285714,NA,NA,NA,NA,NA,NA,NA,NA,NA,NA,NA,NA,NA,NA,NA,NA,NA,NA,NA,NA,NA,NA,NA,NA,NA,NA,NA,NA,NA,4.23476600022974,4.85865890403379,0.168280828365766,499.512772318317,277.552376842086
"67","VAN_2020",146.1573326479,1413.39960528764,1556.96297548938,-14.2523348987539,-65.6427965066023,-29.148495476342,523151.137662107,7.44564538252981,20.208039898893,688.459934846057,41.6935910311612,96.1225798572593,NA,NA,NA,NA,0.013,0.6965,NA,NA,NA,NA,NA,NA,NA,NA,NA,NA,NA,NA,NA,NA,NA,NA,NA,NA,NA,NA,NA,NA,NA,NA,NA,NA,NA,NA,NA,3.8249032240948,4.33590280705456,0.193746860003506,464.070100093022,276.497456381331
"68","VAN_2250",102.644030870712,1203.11417380824,1306.23338466588,-13.7244832386834,-48.6006534363886,-21.2958361057312,533330.657772007,6.37288035106364,19.6029188808425,647.740684945951,39.9445620450107,105.865780535001,NA,NA,NA,NA,0.013,0.6845,NA,NA,NA,NA,NA,NA,NA,NA,NA,NA,NA,NA,NA,NA,NA,NA,NA,NA,NA,NA,NA,NA,NA,NA,NA,NA,NA,NA,NA,3.27648315895003,3.64662358982498,0.293983253423819,411.132244232931,275.011748706108
"69","VAN_2440",83.8517358420851,1034.88400706154,1166.80133600574,-14.7918994577825,-48.0416724232463,-24.7948196564467,562706.449346121,6.08012151176838,19.8431553200726,631.936353235654,39.7008583762429,117.800133128467,NA,NA,NA,NA,0,0.547333333333333,NA,NA,NA,NA,NA,NA,NA,NA,NA,NA,NA,NA,NA,NA,NA,NA,NA,NA,NA,NA,NA,NA,NA,NA,NA,NA,NA,NA,NA,2.80063614061435,3.24098856549078,0.361668344482315,368.17064622647,273.853941739896
"70","VAN_2630",72.8522610171555,915.58076484114,1015.42066963469,-14.2391434525895,-46.1596953743167,-23.6054074180744,569262.634124135,5.70771023461939,19.6644019915428,620.247253751988,38.9918490323153,127.378099685783,NA,NA,NA,NA,0,0.473,NA,NA,NA,NA,NA,NA,NA,NA,NA,NA,NA,NA,NA,NA,NA,NA,NA,NA,NA,NA,NA,NA,NA,NA,NA,NA,NA,NA,NA,2.4673972559688,2.81474919617718,0.454314136577842,316.072526714443,272.820320244991
"71","VAN_2780",47.3761246656742,651.78046869753,756.547969935667,-14.6929400038096,-22.202068999829,-5.58433283817092,555078.576439849,5.10946406078043,19.6149607901965,600.012928340099,38.2742531516335,135.484678995712,NA,NA,NA,NA,0,0.413,NA,NA,NA,NA,NA,NA,NA,NA,NA,NA,NA,NA,NA,NA,NA,NA,NA,NA,NA,NA,NA,NA,NA,NA,NA,NA,NA,NA,NA,1.78672920450844,2.13121775234068,0.818733286901725,361.728127304989,271.705706468392
"72","PEC_0962",231.000307652201,1913.47500903378,2120.61658626229,-8.40074981934662,-68.4767210352418,-41.1053667887797,296134.931496834,7.79414999915596,21.321980051148,685.255625135031,42.2694022438743,59.7413134277894,281.513357505111,NA,3,22.1575,0.267857142857143,0.876428571428571,26.9470670637847,6.745,13.3218473593394,0.678467457493146,0,322.666666666667,66.3333333333333,33.1,0,502.333333333333,79,0.722333333333333,0.0171333333333333,0.013,0.115266666666667,30.3333333333333,65.6666666666667,0.134333333333333,3444.23,815.05,145.991666666667,51.4233333333333,88.4166666666667,916.891666666667,128.543333333333,1,962,950418.933085,6509868.09994,5.23606325283383,5.90160562802081,0.132716231306356,1173.74505101763,281.951850602121
"73","PEC_1152",238.930458968828,1723.08813887243,1897.53983391393,-8.33250648514674,-50.9005652051536,-29.4566378682387,299946.112766514,7.45237899638551,21.2620128945355,676.863417518841,42.1718472567472,64.4356044572772,280.640993204446,NA,16,48.9333333333333,0.2764,0.876,30.4621094974729,6.46166666666667,16.2517442703247,0.750285973151524,0.0104666666666667,407.666666666667,5.66666666666667,37.2333333333333,0.00166666666666667,483.333333333333,66,0.534333333333333,0.0186666666666667,0.009,0.115766666666667,21.3333333333333,21.6666666666667,0.371333333333333,3099.95166666667,475.246666666667,120.471666666667,36.1866666666667,76.765,654.03,85.72,1,1152,950649.534447,6509688.55558,4.74563036902479,5.3015776977561,0.24647828425317,1133.62897734919,280.982353606781
"74","PEC_1375",218.364228455934,1738.59023494608,1786.5381210487,-12.2582163788757,-49.4341354788234,-29.5758817701608,381162.819499218,6.61475279801155,20.8874385718143,654.439570745176,41.4231914173473,71.2788398216805,279.886593942426,NA,18,29.1740740740741,0.176333333333333,0.862333333333333,42.8204048693883,6.65833333333333,21.3973536491393,0.964673101902006,0,297.333333333333,15.3333333333333,50.9333333333333,0,589,56,0.706666666666667,0.0195666666666667,0.0176666666666667,0.0896666666666667,20.6666666666667,37,0.174,4396.34333333333,908.863333333333,161.38,102.405,276.286666666667,1587.99333333333,184.748333333333,1,1375,950692.709276,6509390.78311,4.79378665999478,4.98621894532094,0.335644269593014,1097.83272467422,280.025939338651
"75","PEC_1578",169.010284229864,1391.82800075513,1515.53579264521,-9.49807516105086,-51.874672168513,-34.2651365612758,343614.482958323,5.73457334457413,20.4414609108136,620.717231131568,40.2022816051136,78.2050549201744,279.169936215466,NA,52,24.5348837209302,0.197875,0.863125,24.0946437528183,4.93333333333333,12.0392529169718,0.549231131871541,0.81,356,0,13.3566666666667,0.00203333333333333,513,78.6666666666667,0.558,0.111666666666667,0.00333333333333333,0.0846333333333333,25.6666666666667,26.6666666666667,0.0991333333333333,4090.425,424.271666666667,116.363333333333,79.17,266.5,1059.00333333333,220.861666666667,1,1578,950609.127937,6508935.68497,3.80275712447183,4.20381249146628,0.48529078522093,1063.29556149799,279.041756848752
"76","BON_1900",131.265980426595,2891.69506040303,3063.09592851141,-16.3283052277065,-156.601621721247,-113.700148543375,639101.510088178,6.1565024865055,18.7037965518572,621.178576003102,37.812069979581,107.537560825418,NA,NA,NA,NA,0.00255555555555556,0.777777777777778,NA,NA,NA,NA,NA,NA,NA,NA,NA,NA,NA,NA,NA,NA,NA,NA,NA,NA,NA,NA,NA,NA,NA,NA,NA,NA,NA,NA,NA,3.88106654095712,4.1851591305016,0.435271530625942,780.365962415309,279.396932180826
"77","BON_2100",125.135129287426,2698.69580611862,2890.38175603593,-22.4204845540994,-69.3575204292087,-38.4232705459912,792993.695169449,5.63706323802779,18.3766878301447,613.524413443967,37.570200139826,112.161163399613,NA,NA,NA,NA,0.000777777777777778,0.810555555555556,NA,NA,NA,NA,NA,NA,NA,NA,NA,NA,NA,NA,NA,NA,NA,NA,NA,NA,NA,NA,NA,NA,NA,NA,NA,NA,NA,NA,NA,3.73100117938384,4.04689671573649,0.554529393587475,709.010241446063,278.037670589629
"78","BON_2140",102.779302873437,2975.84170454068,3244.4647844314,-36.6341443849763,-106.808269317229,-52.3716326877161,1149119.13571256,5.46829169699528,18.258965083531,611.134153496691,37.4184528697621,114.235210638311,NA,NA,NA,NA,0.00144444444444444,0.729888888888889,NA,NA,NA,NA,NA,NA,NA,NA,NA,NA,NA,NA,NA,NA,NA,NA,NA,NA,NA,NA,NA,NA,NA,NA,NA,NA,NA,NA,NA,4.07112587557507,4.52954394597272,0.424276524634543,678.727440114563,277.472773935888
"79","BON_2300",49.3796920940209,2171.00838458166,2365.54996307769,-27.8363989407285,-72.623331898638,-43.8889724416403,977530.979848838,5.08170031615455,17.9995964017265,607.996902451351,37.091254494407,121.236195993921,NA,NA,NA,NA,0.000222222222222222,0.421444444444444,NA,NA,NA,NA,NA,NA,NA,NA,NA,NA,NA,NA,NA,NA,NA,NA,NA,NA,NA,NA,NA,NA,NA,NA,NA,NA,NA,NA,NA,2.97758456908066,3.29441059042783,0.732898822728869,584.529815784731,275.767909062373
"80","BON_2500",52.1375116434904,2055.57755568151,2146.61231941001,-29.4556432677375,-62.4480865545257,-30.5377402686461,1085253.96103153,4.7986890243672,17.7812964864623,600.819856906465,36.7423803156072,127.996799133293,NA,NA,NA,NA,0,0.435833333333333,NA,NA,NA,NA,NA,NA,NA,NA,NA,NA,NA,NA,NA,NA,NA,NA,NA,NA,NA,NA,NA,NA,NA,NA,NA,NA,NA,NA,NA,2.82822809086647,3.00268580631514,0.825896754543641,511.123226206798,274.470517847961
"81","BON_2650",35.6184900020306,1600.45499937852,1690.78405902454,-27.0417622626316,-106.780508246731,-71.5924562511173,1059359.68752027,4.47207158170371,17.4688887823196,591.223934470915,36.1944455233487,131.802115126914,NA,NA,NA,NA,0,0.364666666666667,NA,NA,NA,NA,NA,NA,NA,NA,NA,NA,NA,NA,NA,NA,NA,NA,NA,NA,NA,NA,NA,NA,NA,NA,NA,NA,NA,NA,NA,2.11950714685884,2.29761450341946,1.03319520093195,446.60590159154,273.370223470581
"82","DEV_1500",194.69150383331,1675.30608516603,1958.64731034477,-15.0626709261743,-65.4649969481156,-33.6934046563062,453430.085798631,8.13534500232299,21.5882052301844,653.953911537786,42.119047685103,76.8988767879023,NA,NA,NA,NA,0.189111111111111,0.768888888888889,NA,NA,NA,NA,NA,NA,NA,NA,NA,NA,NA,NA,NA,NA,NA,NA,NA,NA,NA,NA,NA,NA,NA,NA,NA,NA,NA,NA,NA,4.56869245882278,5.46297548054002,0.133343712093079,842.398464217182,280.725908494099
"83","DEV_1720",120.861575454537,1548.12382324511,1735.49894409493,-14.5788073560149,-60.7162923066321,-35.0450965895889,458557.044197793,7.05115250783316,20.2616345954664,640.130037170094,40.6413518732244,83.5539970223502,NA,NA,NA,NA,0.03225,0.68425,NA,NA,NA,NA,NA,NA,NA,NA,NA,NA,NA,NA,NA,NA,NA,NA,NA,NA,NA,NA,NA,NA,NA,NA,NA,NA,NA,NA,NA,4.22122880297298,4.82584941242486,0.221767037869533,809.939083368968,279.345323736017
"84","DEV_1870",86.584703353739,1369.24588235587,1503.82109895571,-13.561761283149,-57.6639894520166,-34.2039380376737,437162.943015993,6.47538433330839,19.672368582193,623.119641437499,39.4951768354936,89.975529671823,NA,NA,NA,NA,0,0.54425,NA,NA,NA,NA,NA,NA,NA,NA,NA,NA,NA,NA,NA,NA,NA,NA,NA,NA,NA,NA,NA,NA,NA,NA,NA,NA,NA,NA,NA,3.72223963414406,4.17074013676429,0.324751343666765,769.611210968682,278.295181034963
"85","DEV_2100",74.2555264600604,1218.91536079519,1361.74647399851,-16.3378839833286,-30.3219298185333,-11.5343415524831,529901.078699231,6.0046897077216,19.1666833951876,600.394350104812,37.9304268576882,104.115507580509,NA,NA,NA,NA,0,0.482428571428571,NA,NA,NA,NA,NA,NA,NA,NA,NA,NA,NA,NA,NA,NA,NA,NA,NA,NA,NA,NA,NA,NA,NA,NA,NA,NA,NA,NA,NA,3.37320117150238,3.8318713769108,0.442597987536169,687.02116242138,276.747307707221
"86","DEV_2340",29.5036355052303,939.138003470533,1030.7602731235,-14.0349857595457,-14.7139640792149,-1.22711406685935,488997.528043825,5.38310807408194,18.5389845876983,566.783183995013,36.089994950728,113.24388468141,NA,NA,NA,NA,0,0.237222222222222,NA,NA,NA,NA,NA,NA,NA,NA,NA,NA,NA,NA,NA,NA,NA,NA,NA,NA,NA,NA,NA,NA,NA,NA,NA,NA,NA,NA,NA,2.62349443583707,2.92179173106889,0.74238125963705,567.053882970355,274.847235658984
"87","DEV_2545",9.70187593630356,762.575345018829,920.126772731739,-16.6154730405707,-14.0649291859535,-1.09097350809007,610831.963249062,4.93730815104041,18.0846816554214,555.220913298833,35.3940415815874,126.393475418983,NA,NA,NA,NA,0,0.203166666666667,NA,NA,NA,NA,NA,NA,NA,NA,NA,NA,NA,NA,NA,NA,NA,NA,NA,NA,NA,NA,NA,NA,NA,NA,NA,NA,NA,NA,NA,2.12425556608917,2.60820273257485,0.834106895408391,483.896192369114,273.467840846999
"88","DEV_2670",9.81131496368676,662.560141618248,833.384504419892,-16.7982710766282,-15.410998695785,-1.38539896179773,635102.823127115,4.69313746118693,17.8284325042328,554.932442732116,35.2644181685014,134.981070595894,NA,NA,NA,NA,0.000555555555555556,0.210777777777778,NA,NA,NA,NA,NA,NA,NA,NA,NA,NA,NA,NA,NA,NA,NA,NA,NA,NA,NA,NA,NA,NA,NA,NA,NA,NA,NA,NA,NA,1.83659457485735,2.3611945717335,0.914027808703863,445.832540540758,272.796933318629
"89","MON_1500",162.434737098417,1709.54609797079,1998.41835452033,-15.7589439371369,-68.3114182549769,-26.9596660400156,468044.379177499,8.22862290893177,21.673604544107,654.362493073717,42.1712438409979,76.2224374992662,NA,NA,NA,NA,0.218222222222222,0.719111111111111,NA,NA,NA,NA,NA,NA,NA,NA,NA,NA,NA,NA,NA,NA,NA,NA,NA,NA,NA,NA,NA,NA,NA,NA,NA,NA,NA,NA,NA,4.6577867587394,5.59495499826716,0.0973954674142072,844.361265660101,280.850698553639
"90","MON_1730",90.9311363394756,1615.51866102781,1943.3826844034,-19.678715446763,-66.9862330698347,-20.554745607139,581093.548635276,7.02621974492344,20.2399559186135,639.570544291936,40.6109369451349,83.7913721093923,NA,NA,NA,NA,0.03,0.4735,NA,NA,NA,NA,NA,NA,NA,NA,NA,NA,NA,NA,NA,NA,NA,NA,NA,NA,NA,NA,NA,NA,NA,NA,NA,NA,NA,NA,NA,4.39469987294574,5.45694203476752,0.104869029254627,809.002753477698,279.307192302886
"91","MON_1970",39.3426273069763,1380.51523674585,1669.68425105087,-18.9493979383357,-53.9623863251998,-13.2160486005282,592237.439922491,6.23673463630479,19.3647808058437,613.558744307319,38.7197945334695,94.329071139919,NA,NA,NA,NA,0.00257142857142857,0.292285714285714,NA,NA,NA,NA,NA,NA,NA,NA,NA,NA,NA,NA,NA,NA,NA,NA,NA,NA,NA,NA,NA,NA,NA,NA,NA,NA,NA,NA,NA,3.76472687167882,4.70101915040086,0.200842900792934,737.845807846051,277.688321348909
"92","MON_2130",22.6435778923326,1209.75965138287,1465.91388104151,-19.6945408241558,-56.7792837287664,-23.4642077465704,627638.779134006,5.92019497425564,19.0669056780927,596.907249281213,37.6910719438033,105.002612765932,NA,NA,NA,NA,0.001,0.216,NA,NA,NA,NA,NA,NA,NA,NA,NA,NA,NA,NA,NA,NA,NA,NA,NA,NA,NA,NA,NA,NA,NA,NA,NA,NA,NA,NA,NA,3.27213210634551,4.09363942369565,0.32230650961183,675.017082860964,276.547196037326
"93","MON_2330",7.10848011673069,1055.91432900842,1297.79118993293,-19.1082383146804,-39.1662655361321,-10.9672083640202,653832.791250391,5.40630635044031,18.5472728514568,569.292856150873,36.194975419478,111.905998840519,NA,NA,NA,NA,0,0.196571428571429,NA,NA,NA,NA,NA,NA,NA,NA,NA,NA,NA,NA,NA,NA,NA,NA,NA,NA,NA,NA,NA,NA,NA,NA,NA,NA,NA,NA,NA,2.88550792007098,3.65197724387462,0.413950521993348,576.963548555252,275.001040074732
"94","MON_2545",9.70187593630356,NA,NA,NA,NA,NA,NA,NA,18.0846816554214,555.220913298833,35.3940415815874,126.393475418983,NA,NA,NA,NA,NA,NA,NA,NA,NA,NA,NA,NA,NA,NA,NA,NA,NA,NA,NA,NA,NA,NA,NA,NA,NA,NA,NA,NA,NA,NA,NA,NA,NA,NA,NA,NA,NA,NA,483.896192369114,273.467840846999
"95","MON_2670",9.81131496368676,NA,NA,NA,NA,NA,NA,NA,17.8284325042328,554.932442732116,35.2644181685014,134.981070595894,NA,NA,NA,NA,NA,NA,NA,NA,NA,NA,NA,NA,NA,NA,NA,NA,NA,NA,NA,NA,NA,NA,NA,NA,NA,NA,NA,NA,NA,NA,NA,NA,NA,NA,NA,NA,NA,NA,445.832540540758,272.796933318629
"96","NEV_2010",118.979486336634,2445.54301823618,2836.82027931845,-22.1428816120144,-55.6348229363358,-18.0353676701244,754389.179525958,7.81447617458977,20.9283732624797,667.969123612669,41.3852441961115,104.308494737628,NA,NA,NA,NA,0,0.784777777777778,NA,NA,NA,NA,NA,NA,NA,NA,NA,NA,NA,NA,NA,NA,NA,NA,NA,NA,NA,NA,NA,NA,NA,NA,NA,NA,NA,NA,NA,3.39125259910969,3.99982379103865,0.339101313146628,438.395141602589,277.196811461345
"97","NEV_2200",96.1312416605823,2469.0884169265,2766.7527443203,-31.1414187479183,-68.4474284939613,-29.7659740616671,1015917.46246205,6.94795293187947,20.3427129638143,643.395027315634,40.0761691006747,112.740804924783,NA,NA,NA,NA,0,0.755222222222222,NA,NA,NA,NA,NA,NA,NA,NA,NA,NA,NA,NA,NA,NA,NA,NA,NA,NA,NA,NA,NA,NA,NA,NA,NA,NA,NA,NA,NA,3.40648231072729,3.88375315697174,0.331233414129243,391.105109323437,275.887049769942
"98","NEV_2350",57.7675929750773,1781.65584085373,2050.51715891359,-22.5913491393347,-37.0497120938451,-6.9710784059897,815756.891436802,6.58771186175115,20.4247495147573,629.587881878379,39.9659104780717,125.317319081974,NA,NA,NA,NA,0,0.492777777777778,NA,NA,NA,NA,NA,NA,NA,NA,NA,NA,NA,NA,NA,NA,NA,NA,NA,NA,NA,NA,NA,NA,NA,NA,NA,NA,NA,NA,NA,2.47557629209994,2.89976869009076,0.548961055355664,342.113567723116,274.523149110538
"99","NEV_2500",34.9438855508179,1759.05693865985,1855.03947686545,-24.4656960911777,-45.578005320276,-9.57260876595822,914013.747900417,6.14004752805728,20.2042496255982,620.668716324184,39.5240173339844,135.013263217467,NA,NA,NA,NA,0,0.3998,NA,NA,NA,NA,NA,NA,NA,NA,NA,NA,NA,NA,NA,NA,NA,NA,NA,NA,NA,NA,NA,NA,NA,NA,NA,NA,NA,NA,NA,2.43140715515161,2.61869653626089,0.59938590591067,302.148308010679,273.284043629964
"100","NEV_2700",12.870874099173,1147.5206748261,1367.43085285294,-19.2085373650238,-68.5030251124789,-28.7151979439987,790608.10734643,5.67660931487817,19.9486230627283,610.478760116642,39.1005595814098,143.659009165749,NA,NA,NA,NA,0,0.221777777777778,NA,NA,NA,NA,NA,NA,NA,NA,NA,NA,NA,NA,NA,NA,NA,NA,NA,NA,NA,NA,NA,NA,NA,NA,NA,NA,NA,NA,NA,1.53111379603327,1.89962231733725,0.803605935590898,269.085753546722,272.172584731858
"101","PAI_1700",221.054324189944,2629.38017732093,2938.66664155392,-15.0149929147999,-43.7869402035393,-19.561538871397,690551.480974754,6.58353409506342,20.553397735992,650.659479160277,40.9036587801847,85.6381484055628,NA,NA,NA,NA,0.0273333333333333,0.850666666666667,NA,NA,NA,NA,NA,NA,NA,NA,NA,NA,NA,NA,NA,NA,NA,NA,NA,NA,NA,NA,NA,NA,NA,NA,NA,NA,NA,NA,NA,3.66892745204996,4.14217700329047,0.473614515443871,867.379823158078,278.397652415486
"102","PAI_1900",213.935378970477,2451.00565863764,2779.16031602473,-20.0890652559861,-28.4424268326829,-7.64560715098348,845573.966623122,5.9041464719979,19.9815747644994,634.861888910553,39.781645341353,92.4610552119346,NA,NA,NA,NA,0.003875,0.81875,NA,NA,NA,NA,NA,NA,NA,NA,NA,NA,NA,NA,NA,NA,NA,NA,NA,NA,NA,NA,NA,NA,NA,NA,NA,NA,NA,NA,NA,3.43758972521343,3.93274790990857,0.524037475952961,838.623892155606,277.197088274605
"103","PAI_2040",111.257755656016,2143.79369112452,2429.45571440975,-16.5261574317925,-39.3255101283376,-15.8059547022593,758975.258908799,5.34387895172718,19.2559067532098,629.035888002774,38.6922718394886,97.3026651527295,NA,NA,NA,NA,0,0.753833333333333,NA,NA,NA,NA,NA,NA,NA,NA,NA,NA,NA,NA,NA,NA,NA,NA,NA,NA,NA,NA,NA,NA,NA,NA,NA,NA,NA,NA,NA,2.98621645910191,3.42494160949206,0.690616506063331,824.918908113269,276.314637972679
"104","PAI_2250",68.3342311337078,1868.79073660417,2157.85375027869,-17.7450563360842,-35.2813055518985,-11.407614887368,819282.087190453,4.94739649391765,18.9113187583494,614.580300553299,37.8004927201705,105.048127073546,NA,NA,NA,NA,4e-04,0.5404,NA,NA,NA,NA,NA,NA,NA,NA,NA,NA,NA,NA,NA,NA,NA,NA,NA,NA,NA,NA,NA,NA,NA,NA,NA,NA,NA,NA,NA,2.60172906883062,3.04578269985868,0.8285049157515,762.501314137899,275.184768610702
"105","PAI_2450",37.7763882246051,1455.40784888508,1715.82489379086,-16.6288050702507,-35.6820076615517,-11.6688388976775,818435.097029101,4.66445959069534,18.7911204878902,599.395200028273,37.3129536021839,120.371202324737,NA,NA,NA,NA,0,0.307142857142857,NA,NA,NA,NA,NA,NA,NA,NA,NA,NA,NA,NA,NA,NA,NA,NA,NA,NA,NA,NA,NA,NA,NA,NA,NA,NA,NA,NA,NA,2.01457485209737,2.41817809646865,1.05446073387452,667.487940516997,273.721895738082
"106","VTS_1040",263.299023105902,NA,NA,NA,NA,NA,NA,NA,NA,NA,NA,NA,NA,NA,NA,NA,0.653111111111111,0.771666666666667,NA,NA,NA,NA,NA,NA,NA,NA,NA,NA,NA,NA,NA,NA,NA,NA,NA,NA,NA,NA,NA,NA,NA,NA,NA,NA,NA,NA,NA,NA,NA,NA,NA,NA
"107","VTS_1260",224.529635057142,NA,NA,NA,NA,NA,NA,NA,NA,NA,NA,NA,NA,NA,NA,NA,0.507333333333333,0.738444444444444,NA,NA,NA,NA,NA,NA,NA,NA,NA,NA,NA,NA,NA,NA,NA,NA,NA,NA,NA,NA,NA,NA,NA,NA,NA,NA,NA,NA,NA,NA,NA,NA,NA,NA
"108","VTS_1455",189.396956637095,NA,NA,NA,NA,NA,NA,NA,NA,NA,NA,NA,NA,NA,NA,NA,0.323555555555556,0.719555555555556,NA,NA,NA,NA,NA,NA,NA,NA,NA,NA,NA,NA,NA,NA,NA,NA,NA,NA,NA,NA,NA,NA,NA,NA,NA,NA,NA,NA,NA,NA,NA,NA,NA,NA
"109","VTS_1645",73.147478485271,NA,NA,NA,NA,NA,NA,NA,NA,NA,NA,NA,NA,NA,NA,NA,0.128666666666667,0.326888888888889,NA,NA,NA,NA,NA,NA,NA,NA,NA,NA,NA,NA,NA,NA,NA,NA,NA,NA,NA,NA,NA,NA,NA,NA,NA,NA,NA,NA,NA,NA,NA,NA,NA,NA
"110","VTS_0660",252.669318796859,NA,NA,NA,NA,NA,NA,NA,NA,NA,NA,NA,NA,NA,NA,NA,0.620333333333333,0.732888888888889,NA,NA,NA,NA,NA,NA,NA,NA,NA,NA,NA,NA,NA,NA,NA,NA,NA,NA,NA,NA,NA,NA,NA,NA,NA,NA,NA,NA,NA,NA,NA,NA,NA,NA
"111","VTS_0840",255.154797662535,NA,NA,NA,NA,NA,NA,NA,NA,NA,NA,NA,NA,NA,NA,NA,0.657111111111111,0.755777777777778,NA,NA,NA,NA,NA,NA,NA,NA,NA,NA,NA,NA,NA,NA,NA,NA,NA,NA,NA,NA,NA,NA,NA,NA,NA,NA,NA,NA,NA,NA,NA,NA,NA,NA
"112","CER_1860",98.5626097696956,NA,NA,NA,NA,NA,NA,NA,21.8438698904855,683.93010454076,42.5011041814631,99.4156335749581,NA,NA,NA,NA,0,0.645875,NA,NA,NA,NA,NA,NA,NA,NA,NA,NA,NA,NA,NA,NA,NA,NA,NA,NA,NA,NA,NA,NA,NA,NA,NA,NA,NA,NA,NA,NA,NA,NA,430.920440831654,278.428000545089
"113","CER_1980",104.055074623459,NA,NA,NA,NA,NA,NA,NA,20.7468921281559,654.937618704888,40.7298029119318,103.53324078004,NA,NA,NA,NA,0.000428571428571429,0.614285714285714,NA,NA,NA,NA,NA,NA,NA,NA,NA,NA,NA,NA,NA,NA,NA,NA,NA,NA,NA,NA,NA,NA,NA,NA,NA,NA,NA,NA,NA,NA,NA,NA,413.835771977396,277.664468988196
"114","CER_2050",99.3481377221782,NA,NA,NA,NA,NA,NA,NA,20.2462929729775,638.935105329606,39.7146245783026,107.163079066517,NA,NA,NA,NA,0.000142857142857143,0.547142857142857,NA,NA,NA,NA,NA,NA,NA,NA,NA,NA,NA,NA,NA,NA,NA,NA,NA,NA,NA,NA,NA,NA,NA,NA,NA,NA,NA,NA,NA,NA,NA,NA,402.822513535387,277.16578651197
"115","CER_2200",72.7353735794625,1181.55907712521,1436.46339443505,-17.2511851184443,-41.3268927227669,-13.117870494074,557348.11524852,6.87444804991731,19.8132698917802,621.708727524496,38.9402410333807,113.736604448042,NA,NA,NA,NA,0,0.465142857142857,NA,NA,NA,NA,NA,NA,NA,NA,NA,NA,NA,NA,NA,NA,NA,NA,NA,NA,NA,NA,NA,NA,NA,NA,NA,NA,NA,NA,NA,3.23595305170971,4.03942228156624,0.248553109323126,371.87455888034,275.994455766884
"116","CER_2280",76.470806941515,1088.51343785525,1271.08448101422,-15.3359682437758,-29.3634448674002,-10.2366867287034,518085.838326561,6.62886196565579,19.8059956934545,617.161744532217,38.9459436590021,118.599449415182,NA,NA,NA,NA,0,0.46275,NA,NA,NA,NA,NA,NA,NA,NA,NA,NA,NA,NA,NA,NA,NA,NA,NA,NA,NA,NA,NA,NA,NA,NA,NA,NA,NA,NA,NA,3.00584363335045,3.57825741412298,0.33306874330297,353.018802110343,275.308158593776
"117","CER_2300",69.4009115800719,1037.70310711654,1245.77136085037,-15.3540093962175,-27.9761448158098,-8.993227655968,520040.688084779,6.57965885079682,19.8171217121603,616.2565232436,38.9619168368253,120.013313501961,NA,NA,NA,NA,0,0.428333333333333,NA,NA,NA,NA,NA,NA,NA,NA,NA,NA,NA,NA,NA,NA,NA,NA,NA,NA,NA,NA,NA,NA,NA,NA,NA,NA,NA,NA,NA,2.86558219435192,3.50994826241961,0.339962196436431,348.483872486496,275.143330289172
"118","MOU_1810",146.167407485421,1915.59991206278,2174.16332330564,-19.1410163372912,-86.9352795606686,-30.3705053572887,579848.766618618,7.22140455688854,19.3290436649735,623.898227152321,38.5843977494673,98.0360923929503,280.524491448322,NA,78,NA,0.0216666666666667,0.761777777777778,18.2899419006667,6.31833333333333,8.43257180783333,0.771935016166667,NA,NA,NA,NA,NA,NA,NA,NA,NA,NA,NA,NA,NA,NA,2342.60138416667,481.038153883333,362.09076425,33.0200409216667,220.058532516667,969.271009033333,192.95966655,0,1810,1019961.06599,6345679.71941,5.18970870937133,6.08403534505466,0.102992118764261,740.58978781015,280.916326266863
"119","MOU_1940",119.954074751538,1768.50238192302,1968.93346301368,-18.8810482528636,-92.2954684223937,-38.7757211931594,589856.962851883,6.58210189866577,18.7595181485791,613.330619277777,37.6614241166548,99.7595943447419,279.517122947568,NA,84,NA,0.0101111111111111,0.648777777777778,24.3676379208333,6.19166666666667,10.9780766966667,0.942609061833333,NA,NA,NA,NA,NA,NA,NA,NA,NA,NA,NA,NA,NA,NA,2752.59221416667,490.6051907,329.6985477,54.5100661283333,261.62105515,1029.3845695,223.091700733333,0,1940,1019109.80168,6345751.75076,4.75703716421745,5.47774384933584,0.145235413902248,700.400482786675,279.682451173857
"120","MOU_2160",71.9025987610447,1410.18817409213,1650.00188194652,-19.092231535855,-86.8912105522127,-40.7649969448302,625897.771830905,5.82288127147253,18.3232515838755,601.806796500955,37.0910159024325,106.741005447967,277.748046591098,NA,78,NA,0.00611111111111111,0.487333333333333,19.3943308283333,7.10666666666667,8.400581519,0.742437313166667,NA,NA,NA,NA,NA,NA,NA,NA,NA,NA,NA,NA,NA,NA,2956.35141866667,398.374990083333,194.42856705,26.0670325041667,202.819320083333,1007.65420945,170.14473025,0,2160,1018150.2277,6346240.60737,3.75548673863239,4.56697774381283,0.235197328259872,622.249748290377,277.496911375038
"121","MOU_2355",66.0287567777464,1214.93943621195,1363.13583034477,-17.9114525299175,-59.9061123812097,-25.5044103494741,632934.074790654,5.4746598990709,18.2471506523364,598.143989234087,36.9574432373047,115.748012544402,276.257630570013,NA,73,NA,0.00333333333333333,0.513666666666667,21.3231561775,5.845,9.40411377083333,0.9055502515,NA,NA,NA,NA,NA,NA,NA,NA,NA,NA,NA,NA,NA,NA,2764.1577355,721.111861216667,328.1540664,34.50510723,229.424074983333,1050.21796833333,238.663809983333,0,2355,1017625.18889,6346462.22857,3.27795834936486,3.79616760060583,0.384207928515055,534.926361005866,275.767520483438
"122","MOU_2470",35.284093655567,986.508992834,1152.86644401143,-16.4058500254394,-34.7107420454136,-16.3878831486567,608248.569762855,5.24686517705612,18.1322766093465,594.385062831165,36.8356642289595,122.574403180114,275.413048365823,NA,55,NA,0.00075,0.32025,21.8521482933333,5.86333333333333,9.49989779883333,0.9292875725,NA,NA,NA,NA,NA,NA,NA,NA,NA,NA,NA,NA,NA,NA,3487.4606855,571.567271516667,399.251594183333,39.9723365766667,304.157654116667,1396.50015798333,373.17001145,0,2470,1017369.22041,6346829.24475,2.7011818262834,3.22530035332573,0.535330886476177,483.585055678302,274.816231162001
"123","MOU_2720",20.2639447235701,782.086177476967,846.771938114616,-14.073360957525,-47.5120636419587,-27.1350387806517,581329.371675525,4.60358307703607,17.4889542881028,578.195683749425,35.8262148770419,140.714891704201,273.824742163463,NA,56,NA,0.000166666666666667,0.243,16.264088018,7.265,8.00919254583333,0.601728697666667,NA,NA,NA,NA,NA,NA,NA,NA,NA,NA,NA,NA,NA,NA,1977.89557921667,505.32839425,298.414759766667,263.808283643333,242.36788395,1284.43345533333,347.6189994,0,2720,1016873.32628,6346902.76811,2.08470465742649,2.3261109114225,0.811502987407103,383.826807180414,273.044081650771
"124","RAC_0330",122.757656210177,3292.95622544272,3683.7792005633,-18.333963320465,-26.1853956545639,-2.59017857159866,488242.761461796,9.75068344887811,22.5940788236015,719.856132400043,42.8167946555398,50.9361038567436,NA,NA,NA,NA,0.451142857142857,0.771428571428571,NA,NA,NA,NA,NA,NA,NA,NA,NA,NA,NA,NA,NA,NA,NA,NA,NA,NA,NA,NA,NA,NA,NA,NA,NA,NA,NA,NA,NA,9.2710214467672,10.4471308673655,0.00204491771747254,1179.8504902992,286.432104267599
"125","RAC_0525",208.326150012683,2925.51145965152,3439.58222871364,-20.1669777796856,-29.916720206333,-3.1964718910632,535538.463951808,9.28873231807114,22.2397567286636,706.107478258589,42.703310879794,52.5301704992065,NA,NA,NA,NA,0.478428571428571,0.800714285714286,NA,NA,NA,NA,NA,NA,NA,NA,NA,NA,NA,NA,NA,NA,NA,NA,NA,NA,NA,NA,NA,NA,NA,NA,NA,NA,NA,NA,NA,8.21763212948841,9.75238475878439,0.00521428280919169,1233.07274879662,285.205704660127
"126","RAC_0730",251.33830268804,2517.87347841061,2950.09916767884,-18.7192667862626,-42.1366779748309,-5.68664175960023,518441.959168316,8.73267680621861,21.8536885414289,687.443698925141,42.3747267289595,55.5069554417366,NA,NA,NA,NA,0.479333333333333,0.863111111111111,NA,NA,NA,NA,NA,NA,NA,NA,NA,NA,NA,NA,NA,NA,NA,NA,NA,NA,NA,NA,NA,NA,NA,NA,NA,NA,NA,NA,NA,7.02608483095808,8.35617589915162,0.0205937663537637,1250.67291619349,283.793230436581
"127","RAC_0950",235.925397517245,2361.78454417509,2654.67841578459,-18.8356670406665,-46.4594662146933,-8.27468171902016,534848.737496862,8.15761211855862,21.6931160105255,668.909825767485,42.1455508145419,60.4399569375515,NA,NA,NA,NA,0.430555555555556,0.841555555555556,NA,NA,NA,NA,NA,NA,NA,NA,NA,NA,NA,NA,NA,NA,NA,NA,NA,NA,NA,NA,NA,NA,NA,NA,NA,NA,NA,NA,NA,6.57084000453157,7.51043371380837,0.0356262038985599,1239.86703833859,282.399167486083
"128","SAP_1250",272.886230968185,1880.5542303899,2184.48033218286,-17.8923222625821,-33.9541523307693,-10.6338757418451,523839.974900113,6.86782049173172,20.7913266136533,653.625798697214,40.7361838600852,69.8358233790718,NA,NA,NA,NA,0.557555555555556,0.857777777777778,NA,NA,NA,NA,NA,NA,NA,NA,NA,NA,NA,NA,NA,NA,NA,NA,NA,NA,NA,NA,NA,NA,NA,NA,NA,NA,NA,NA,NA,5.24060909665905,6.16932688876448,0.170336198371697,1178.00977620847,280.758867503245
"129","SAP_1500",257.896731133753,1622.3211625622,1857.55138756796,-13.442858805486,-27.5389893496308,-11.0874866454938,442472.991407747,6.15763142824911,20.8975281983743,631.91410769213,40.8840567848899,78.631150541091,NA,NA,NA,NA,0.511428571428571,0.869571428571429,NA,NA,NA,NA,NA,NA,NA,NA,NA,NA,NA,NA,NA,NA,NA,NA,NA,NA,NA,NA,NA,NA,NA,NA,NA,NA,NA,NA,NA,4.52595559993247,5.24022262903692,0.317441487373294,1145.23791345858,279.767718352281
"130","SAP_1690",155.218286963347,1413.47498836391,1585.99737904388,-9.88555894475248,-35.8568534225833,-22.20929609202,377406.200030354,5.63333956203717,20.8343072205911,600.806773836905,40.2891457297585,84.5695930273883,NA,NA,NA,NA,0.226428571428571,0.806428571428571,NA,NA,NA,NA,NA,NA,NA,NA,NA,NA,NA,NA,NA,NA,NA,NA,NA,NA,NA,NA,NA,NA,NA,NA,NA,NA,NA,NA,NA,3.90964898977157,4.43799507545677,0.477988601007321,1106.88466724206,278.947618509268
"131","SAP_1870",131.825510587985,1349.64131804789,1550.70101466692,-15.5339982963109,-21.8251036149544,-8.10195971636221,530040.375643998,5.37461028674808,20.8478680069828,581.495315347617,39.7061406915838,90.6178589283081,NA,NA,NA,NA,0.0923333333333333,0.737777777777778,NA,NA,NA,NA,NA,NA,NA,NA,NA,NA,NA,NA,NA,NA,NA,NA,NA,NA,NA,NA,NA,NA,NA,NA,NA,NA,NA,NA,NA,3.7683122700625,4.37786109506092,0.528282388064201,1060.10028020135,278.024988455174
"132","SAP_2060",97.1512852921967,1244.72028287947,1463.76710659703,-18.4675564954103,-19.0016093542426,-5.80665971213261,629888.77579639,5.16284667842774,20.4566609436299,577.275203616559,39.1346185857599,96.7387336717115,NA,NA,NA,NA,0.0318888888888889,0.603777777777778,NA,NA,NA,NA,NA,NA,NA,NA,NA,NA,NA,NA,NA,NA,NA,NA,NA,NA,NA,NA,NA,NA,NA,NA,NA,NA,NA,NA,NA,3.47856176697045,4.13765864699016,0.589115046382146,1002.70557012992,276.86694514287
"133","VTN_0925",246.104045832463,NA,NA,NA,NA,NA,NA,NA,NA,NA,NA,NA,NA,NA,40,33.3142857142857,0.578666666666667,0.753166666666667,32.4250586435,7.06666666666667,20.4881166666667,1.11371666666667,NA,NA,NA,NA,NA,NA,NA,NA,NA,NA,NA,NA,NA,NA,2961.09920266667,788.623554783333,228.680637545,8.173539203,116.839682036667,857.580144416667,62.8300068546667,1,925,878227.428988,6345232.4743,NA,NA,NA,NA,NA
"134","VTN_1130",243.393418626686,NA,NA,NA,NA,NA,NA,NA,NA,NA,NA,NA,NA,NA,31,39.2545454545455,0.579555555555556,0.782666666666667,39.2984456783333,6.79666666666667,20.5716333333333,1.01591666666667,NA,NA,NA,NA,NA,NA,NA,NA,NA,NA,NA,NA,NA,NA,2532.140227,570.709841016667,103.000615286667,12.6531977188333,82.492233896,700.374211533333,60.5724025941667,1,1130,878881.523797,6345329.22818,NA,NA,NA,NA,NA
"135","VTN_1340",266.793193037326,NA,NA,NA,NA,NA,NA,NA,NA,NA,NA,NA,NA,NA,20,42.575,0.51625,0.83825,31.6949853725,6.75333333333333,15.3875833333333,0.783416666666667,NA,NA,NA,NA,NA,NA,NA,NA,NA,NA,NA,NA,NA,NA,3537.3942745,802.973812333333,107.078733843333,0.961231439166667,42.5965633283333,669.0464636,12.6254013533333,1,1340,879377.664369,6344782.3028,NA,NA,NA,NA,NA
"136","VTN_1510",266.191184910369,NA,NA,NA,NA,NA,NA,NA,NA,NA,NA,NA,NA,NA,11,29.9375,0.441,0.7778,46.1010818425,6.89,23.8999,1.0423,NA,NA,NA,NA,NA,NA,NA,NA,NA,NA,NA,NA,NA,NA,2033.50032233333,754.204832766667,88.09539555,21.9854152683333,53.5272587385,632.5995775,24.611922459,1,1510,879435.076366,6344470.72008,NA,NA,NA,NA,NA
"137","VTN_1675",208.875632555986,NA,NA,NA,NA,NA,NA,NA,NA,NA,NA,NA,NA,NA,14,20.7555555555556,0.406777777777778,0.767444444444444,45.9704502342857,6.27666666666667,26.44615,0.949816666666667,NA,NA,NA,NA,NA,NA,NA,NA,NA,NA,NA,NA,NA,NA,3262.5061151,760.5303264,227.2960175,30.8520844756667,108.277027837,822.854917361667,71.179850314,1,1675,879997.346613,6344384.53249,NA,NA,NA,NA,NA
"138","VTN_1860",92.7515335864758,NA,NA,NA,NA,NA,NA,NA,NA,NA,NA,NA,NA,NA,25,NA,0.103,0.435444444444444,6.34328855826667,7.91833333333333,11.2733166666667,0.4462,NA,NA,NA,NA,NA,NA,NA,NA,NA,NA,NA,NA,NA,NA,95.3615064033333,34.2935786351667,646.6203944,19.432628715,32.0099263893333,166.720462571667,47.6575777666667,0,1860,882183.823406,6344491.45316,NA,NA,NA,NA,NA
"139","UBA_1150",276.112340500827,1793.64491244394,2046.59671416442,-6.78658424718202,-176.673415891857,-121.332924284681,281207.804375717,13.0495866238148,25.0526492626636,691.8282476561,45.4020857377486,74.1590392243927,NA,NA,NA,NA,0.412777777777778,0.781444444444444,NA,NA,NA,NA,NA,NA,NA,NA,NA,NA,NA,NA,NA,NA,NA,NA,NA,NA,NA,NA,NA,NA,NA,NA,NA,NA,NA,NA,NA,4.58892839578763,5.46385492483929,0.0794519183518576,557.595865756231,282.385153452555
"140","UBA_1425",234.21640109284,1958.04111688416,2143.25183419486,-12.1545588583025,-127.903688914036,-72.9352611826884,392846.839004652,11.8694024258231,23.6801924602294,675.929702429837,44.0247525301847,79.1202289020165,NA,NA,NA,NA,0.442,0.798,NA,NA,NA,NA,NA,NA,NA,NA,NA,NA,NA,NA,NA,NA,NA,NA,NA,NA,NA,NA,NA,NA,NA,NA,NA,NA,NA,NA,NA,5.19388846947145,5.87551143011711,0.0786027519957168,553.378190036499,281.614782275576
"141","UBA_1630",226.553555770874,1866.68590558863,2187.04697578957,-18.1035582113827,-111.947446433309,-52.2372612132369,512607.6859006,10.3853664575346,22.2687895473464,664.575136280449,42.4297207919034,86.2026723472869,NA,NA,NA,NA,0.377777777777778,0.794444444444444,NA,NA,NA,NA,NA,NA,NA,NA,NA,NA,NA,NA,NA,NA,NA,NA,NA,NA,NA,NA,NA,NA,NA,NA,NA,NA,NA,NA,NA,4.97990790781953,6.05854150163563,0.0744095357771071,544.842956982112,280.794347903429
"142","UBA_1850",173.081150379101,1677.86560459194,1883.1981115221,-14.9019908011393,-77.8087845152696,-38.9174861748661,460684.313985696,8.89490198424726,21.0773384292404,660.194145673377,41.0511294278232,93.4516955326317,NA,NA,NA,NA,0.231,0.747444444444444,NA,NA,NA,NA,NA,NA,NA,NA,NA,NA,NA,NA,NA,NA,NA,NA,NA,NA,NA,NA,NA,NA,NA,NA,NA,NA,NA,NA,NA,4.54092492797817,5.23402654252311,0.151848838597117,528.469600750686,279.753415813694
"143","UBA_2020",120.501007858044,1511.54666053458,1719.98195668906,-17.0400496574397,-67.2593909198919,-27.09306572355,527074.910453488,7.76261075534565,20.1319126608052,636.983365168681,39.6185358220881,99.0881559714536,NA,NA,NA,NA,0.0194444444444444,0.716111111111111,NA,NA,NA,NA,NA,NA,NA,NA,NA,NA,NA,NA,NA,NA,NA,NA,NA,NA,NA,NA,NA,NA,NA,NA,NA,NA,NA,NA,NA,4.09885448033064,4.80438023751822,0.172984656204052,498.092823380524,278.264783900538
"144","UBA_2170",107.47891937011,1340.58139978658,1534.46503695316,-17.4432927339755,-60.5492055695097,-21.3045983016326,556989.630252113,6.98253169812654,19.6136125671915,623.523352752607,38.8350094881925,105.313053190306,NA,NA,NA,NA,0.0196666666666667,0.599666666666667,NA,NA,NA,NA,NA,NA,NA,NA,NA,NA,NA,NA,NA,NA,NA,NA,NA,NA,NA,NA,NA,NA,NA,NA,NA,NA,NA,NA,NA,3.6327023055696,4.29431497037328,0.212434996242225,459.22614903819,276.816581800387
"145","VAUL_0710",247.196349714428,2325.47966968146,2658.17421703382,-13.0590215307867,-59.196483745207,-17.9764868574257,409544.50718037,8.91368025867317,21.729611087155,702.546552180221,42.4173167835582,56.8624064658773,NA,NA,NA,NA,0.518222222222222,0.839222222222222,NA,NA,NA,NA,NA,NA,NA,NA,NA,NA,NA,NA,NA,NA,NA,NA,NA,NA,NA,NA,NA,NA,NA,NA,NA,NA,NA,NA,NA,6.43166022840527,7.49282121567088,0.043046405677988,1112.83356014076,283.721141072063
"146","VAUL_0830",278.519130115965,2214.5286222621,2532.29179246454,-13.994652877543,-55.0993992414518,-17.8670548883674,429009.971106569,8.53920357687431,21.4601347952178,698.236434158643,42.0314109108665,59.5121561347798,NA,NA,NA,NA,0.587888888888889,0.886666666666667,NA,NA,NA,NA,NA,NA,NA,NA,NA,NA,NA,NA,NA,NA,NA,NA,NA,NA,NA,NA,NA,NA,NA,NA,NA,NA,NA,NA,NA,6.12841110764374,7.13588031819863,0.0555304632395731,1111.52988157184,282.840878110943
"147","VAUL_1100",280.372102729846,1911.402715536,2172.43273176824,-14.235300782552,-45.6670401779658,-22.0643283370123,433801.719953871,7.89009180846475,21.039359187667,684.041966152082,41.6019592285156,65.4505451685305,NA,NA,NA,NA,0.513555555555556,0.877888888888889,NA,NA,NA,NA,NA,NA,NA,NA,NA,NA,NA,NA,NA,NA,NA,NA,NA,NA,NA,NA,NA,NA,NA,NA,NA,NA,NA,NA,NA,5.2949154873422,6.10269670736416,0.15845582567056,1080.2611651641,281.585245652632
"148","VAUL_1290",225.701039180218,1838.0524884577,2122.52058432978,-16.9968103140547,-38.4658100572411,-12.1051922241532,508846.132260704,7.4858136487081,21.0012836704006,665.668605220505,41.4492367831143,71.3910819313369,NA,NA,NA,NA,0.391666666666667,0.829555555555555,NA,NA,NA,NA,NA,NA,NA,NA,NA,NA,NA,NA,NA,NA,NA,NA,NA,NA,NA,NA,NA,NA,NA,NA,NA,NA,NA,NA,NA,5.10718613581142,5.98931096830803,0.166639364279673,1055.02057400796,280.767621581173
"149","SEYS_0280",130.843412754906,3125.82558922053,3398.71525450975,-10.5575571276652,-45.1468398031245,-13.2508112170665,340382.336737322,10.1795004656686,23.5837562197731,733.78262872175,45.1038790616122,49.6476587992619,NA,NA,NA,NA,0.380888888888889,0.665555555555556,NA,NA,NA,NA,NA,NA,NA,NA,NA,NA,NA,NA,NA,NA,NA,NA,NA,NA,NA,NA,NA,NA,NA,NA,NA,NA,NA,NA,NA,8.7428963476758,9.60787122709482,0.00200637805612275,874.149534421919,286.402257415639
"150","SEYS_0460",191.451394675898,2956.43419672153,3259.99988054176,-13.8356227277646,-41.3201665193368,-7.89583598977046,406829.405187119,9.9198940658963,23.4861344176453,723.016177465645,44.9541376287287,50.8042688841453,NA,NA,NA,NA,0.465888888888889,0.828666666666667,NA,NA,NA,NA,NA,NA,NA,NA,NA,NA,NA,NA,NA,NA,NA,NA,NA,NA,NA,NA,NA,NA,NA,NA,NA,NA,NA,NA,NA,8.27302743349435,9.22939744325899,0.00437673680432938,914.820959938069,285.649814836907
"151","SEYS_0615",233.378585602969,2959.69440526257,3284.95661327903,-17.5144569023746,-38.9221660517437,-5.51877933179256,474573.996190117,9.78791940175343,23.7364415585737,716.192173703764,45.4329071044922,52.044349769527,NA,NA,NA,NA,0.471,0.813888888888889,NA,NA,NA,NA,NA,NA,NA,NA,NA,NA,NA,NA,NA,NA,NA,NA,NA,NA,NA,NA,NA,NA,NA,NA,NA,NA,NA,NA,NA,8.28908530219791,9.30697011698134,0.00419917510040707,942.382814833932,285.115286385342
"152","SEYS_0840",249.722357750583,2444.76577063363,2701.15145888737,-15.5191894356101,-61.3453533914768,-18.3518501095808,447758.325117189,9.31805029003982,23.3915593200948,692.000480861087,44.7840742631392,56.1667571905651,NA,NA,NA,NA,0.472222222222222,0.880444444444444,NA,NA,NA,NA,NA,NA,NA,NA,NA,NA,NA,NA,NA,NA,NA,NA,NA,NA,NA,NA,NA,NA,NA,NA,NA,NA,NA,NA,NA,6.76409303138897,7.61372437991634,0.0173874718414126,949.046940758804,283.267351538588
"153","SEYS_1035",247.176157582042,2244.68488466166,2432.37630836814,-14.5536196993755,-61.2306497404624,-18.9280145375399,436049.47379227,9.04001991421569,23.0387419498328,677.896929931634,44.219555941495,59.3133325779603,NA,NA,NA,NA,0.451222222222222,0.905111111111111,NA,NA,NA,NA,NA,NA,NA,NA,NA,NA,NA,NA,NA,NA,NA,NA,NA,NA,NA,NA,NA,NA,NA,NA,NA,NA,NA,NA,NA,6.19659354595799,6.84931146339953,0.0327394258210866,941.025225045827,282.283750418461
"154","SEYS_1350",222.410979643996,1855.63843875207,1949.6127110502,-12.4716119177313,-55.2065013266006,-28.8256066584701,392688.184787895,7.49685515018932,21.5795153498134,654.209092987316,42.3350483287464,67.359294718614,NA,NA,NA,NA,0.318333333333333,0.823,NA,NA,NA,NA,NA,NA,NA,NA,NA,NA,NA,NA,NA,NA,NA,NA,NA,NA,NA,NA,NA,NA,NA,NA,NA,NA,NA,NA,NA,5.1095849617338,5.45115019306219,0.128587541534105,909.91076723514,280.826126090376
"155","SEYS_1500",168.682061208825,1683.35670507094,1808.3918317978,-14.5984591888769,-37.3000621221512,-16.819361457306,449845.024513068,6.08678400061325,20.6362003970456,637.688097625024,40.9239293878729,74.3590622561203,NA,NA,NA,NA,0.1585,0.762,NA,NA,NA,NA,NA,NA,NA,NA,NA,NA,NA,NA,NA,NA,NA,NA,NA,NA,NA,NA,NA,NA,NA,NA,NA,NA,NA,NA,NA,4.67147138091763,5.08444199529036,0.191140237757867,882.097236981575,279.874756924518
"156","SEYS_1700",143.884444076947,1711.6836074654,1799.97757872288,-16.1209876645297,-41.3689991910338,-15.5380870177009,508582.072887631,5.38418700746707,20.0930007009795,612.61508163381,39.8206440318714,79.4476794692094,NA,NA,NA,NA,0.135,0.720333333333333,NA,NA,NA,NA,NA,NA,NA,NA,NA,NA,NA,NA,NA,NA,NA,NA,NA,NA,NA,NA,NA,NA,NA,NA,NA,NA,NA,NA,NA,4.74031493576317,5.0641987638692,0.186487276427075,844.366903979546,278.950257321973
"157","SEYS_1870",153.185345664812,1593.17910376381,1685.89089169894,-16.910280319629,-37.5957068177618,-13.6290736093806,546978.617612238,5.00386396945446,20.033284224473,589.402878336609,39.0895621559837,86.0306740518015,NA,NA,NA,NA,NA,NA,NA,NA,NA,NA,NA,NA,NA,NA,NA,NA,NA,NA,NA,NA,NA,NA,NA,NA,NA,NA,NA,NA,NA,NA,NA,NA,NA,NA,NA,4.41471036284998,4.74584107300957,0.226081332298091,804.964269715327,277.991098255306
"158","CAU_1220",NA,NA,NA,NA,NA,NA,NA,NA,NA,NA,NA,NA,NA,NA,NA,NA,NA,NA,NA,NA,NA,NA,NA,NA,NA,NA,NA,NA,NA,NA,NA,NA,NA,NA,NA,NA,NA,NA,NA,NA,NA,NA,NA,1,1220,444918.524089,6201148.98206,NA,NA,NA,NA,NA
"159","CAU_1400",NA,NA,NA,NA,NA,NA,NA,NA,NA,NA,NA,NA,NA,NA,NA,NA,NA,NA,NA,NA,NA,NA,NA,NA,NA,NA,NA,NA,NA,NA,NA,NA,NA,NA,NA,NA,NA,NA,NA,NA,NA,NA,NA,1,1400,443974.460169,6200296.68367,NA,NA,NA,NA,NA
"160","CAU_1630",NA,NA,NA,NA,NA,NA,NA,NA,NA,NA,NA,NA,NA,NA,NA,NA,NA,NA,NA,NA,NA,NA,NA,NA,NA,NA,NA,NA,NA,NA,NA,NA,NA,NA,NA,NA,NA,NA,NA,NA,NA,NA,NA,1,1630,440832.041111,6199182.96558,NA,NA,NA,NA,NA
"161","CAU_1800",NA,NA,NA,NA,NA,NA,NA,NA,NA,NA,NA,NA,NA,NA,NA,NA,NA,NA,NA,NA,NA,NA,NA,NA,NA,NA,NA,NA,NA,NA,NA,NA,NA,NA,NA,NA,NA,NA,NA,NA,NA,NA,NA,0,1800,439361.033427,6196874.63298,NA,NA,NA,NA,NA
"162","CAU_2020",NA,NA,NA,NA,NA,NA,NA,NA,NA,NA,NA,NA,NA,NA,NA,NA,NA,NA,NA,NA,NA,NA,NA,NA,NA,NA,NA,NA,NA,NA,NA,NA,NA,NA,NA,NA,NA,NA,NA,NA,NA,NA,NA,0,2020,437576.309835,6196191.49873,NA,NA,NA,NA,NA
"163","CAU_2225",NA,NA,NA,NA,NA,NA,NA,NA,NA,NA,NA,NA,NA,NA,NA,NA,NA,NA,NA,NA,NA,NA,NA,NA,NA,NA,NA,NA,NA,NA,NA,NA,NA,NA,NA,NA,NA,NA,NA,NA,NA,NA,NA,0,2225,437014.451519,6196018.3463,NA,NA,NA,NA,NA
"164","CAU_2445",NA,NA,NA,NA,NA,NA,NA,NA,NA,NA,NA,NA,NA,NA,NA,NA,NA,NA,NA,NA,NA,NA,NA,NA,NA,NA,NA,NA,NA,NA,NA,NA,NA,NA,NA,NA,NA,NA,NA,NA,NA,NA,NA,0,2445,436078.867286,6195810.46855,NA,NA,NA,NA,NA
"165","CAU_2650",NA,NA,NA,NA,NA,NA,NA,NA,NA,NA,NA,NA,NA,NA,NA,NA,NA,NA,NA,NA,NA,NA,NA,NA,NA,NA,NA,NA,NA,NA,NA,NA,NA,NA,NA,NA,NA,NA,NA,NA,NA,NA,NA,0,2650,434972.707716,6195847.01922,NA,NA,NA,NA,NA
"166","VCHA_1910",NA,NA,NA,NA,NA,NA,NA,NA,NA,NA,NA,NA,NA,NA,NA,NA,NA,NA,NA,NA,NA,NA,NA,NA,NA,NA,NA,NA,NA,NA,NA,NA,NA,NA,NA,NA,NA,NA,NA,NA,NA,NA,NA,1,1910,951542.264,6405258.603,NA,NA,NA,NA,NA
"167","BOU_1240",NA,NA,NA,NA,NA,NA,NA,NA,NA,NA,NA,NA,NA,NA,NA,NA,NA,NA,NA,NA,NA,NA,NA,NA,NA,NA,NA,NA,NA,NA,NA,NA,NA,NA,NA,NA,NA,NA,NA,NA,NA,NA,NA,1,1240,943562.897922,6475891.84061,NA,NA,NA,NA,NA
"168","BOU_1440",NA,NA,NA,NA,NA,NA,NA,NA,NA,NA,NA,NA,NA,NA,NA,NA,NA,NA,NA,NA,NA,NA,NA,NA,NA,NA,NA,NA,NA,NA,NA,NA,NA,NA,NA,NA,NA,NA,NA,NA,NA,NA,NA,1,1440,943567.588126,6475047.84227,NA,NA,NA,NA,NA
"169","BOU_1620",NA,NA,NA,NA,NA,NA,NA,NA,NA,NA,NA,NA,NA,NA,NA,NA,NA,NA,NA,NA,NA,NA,NA,NA,NA,NA,NA,NA,NA,NA,NA,NA,NA,NA,NA,NA,NA,NA,NA,NA,NA,NA,NA,1,1620,943569.128257,6474224.89146,NA,NA,NA,NA,NA
"170","BOU_1830",NA,NA,NA,NA,NA,NA,NA,NA,NA,NA,NA,NA,NA,NA,NA,NA,NA,NA,NA,NA,NA,NA,NA,NA,NA,NA,NA,NA,NA,NA,NA,NA,NA,NA,NA,NA,NA,NA,NA,NA,NA,NA,NA,0,1830,943814.946716,6473521.60036,NA,NA,NA,NA,NA
"171","BOU_2000",NA,NA,NA,NA,NA,NA,NA,NA,NA,NA,NA,NA,NA,NA,NA,NA,NA,NA,NA,NA,NA,NA,NA,NA,NA,NA,NA,NA,NA,NA,NA,NA,NA,NA,NA,NA,NA,NA,NA,NA,NA,NA,NA,0,2000,944204.758658,6473189.60795,NA,NA,NA,NA,NA
"172","MSB_1370",NA,NA,NA,NA,NA,NA,NA,NA,NA,NA,NA,NA,NA,NA,NA,NA,NA,NA,NA,NA,NA,NA,NA,NA,NA,NA,NA,NA,NA,NA,NA,NA,NA,NA,NA,NA,NA,NA,NA,NA,NA,NA,NA,1,1370,601627.221577,6194000.73185,278.560901453526,279.696111137337,0.0926927240927747,1.97977405016457,280.943255232416
"173","MSB_1420",NA,NA,NA,NA,NA,NA,NA,NA,NA,NA,NA,NA,NA,NA,NA,NA,NA,NA,NA,NA,NA,NA,NA,NA,NA,NA,NA,NA,NA,NA,NA,NA,NA,NA,NA,NA,NA,NA,NA,NA,NA,NA,NA,1,1420,601025.047496,6193730.87398,278.086997281863,279.093940871355,0.154331214003232,1.92861161525647,280.666997121602
"174","MSB_1600",NA,NA,NA,NA,NA,NA,NA,NA,NA,NA,NA,NA,NA,NA,NA,NA,NA,NA,NA,NA,NA,NA,NA,NA,NA,NA,NA,NA,NA,NA,NA,NA,NA,NA,NA,NA,NA,NA,NA,NA,NA,NA,NA,1,1600,600393.30084,6193393.90384,278.140278081309,278.931973269659,0.17964562559185,1.77848779745414,280.02120027088
"175","MSB_1890",NA,NA,NA,NA,NA,NA,NA,NA,NA,NA,NA,NA,NA,NA,NA,NA,NA,NA,NA,NA,NA,NA,NA,NA,NA,NA,NA,NA,NA,NA,NA,NA,NA,NA,NA,NA,NA,NA,NA,NA,NA,NA,NA,0,1890,2593207.34,6254466.38,NA,NA,NA,NA,NA
"176","MSB_2020",NA,NA,NA,NA,NA,NA,NA,NA,NA,NA,NA,NA,NA,NA,NA,NA,NA,NA,NA,NA,NA,NA,NA,NA,NA,NA,NA,NA,NA,NA,NA,NA,NA,NA,NA,NA,NA,NA,NA,NA,NA,NA,NA,0,2000,600313.752696,6192712.33885,NA,NA,NA,NA,NA
"177","MSB_2260",NA,NA,NA,NA,NA,NA,NA,NA,NA,NA,NA,NA,NA,NA,NA,NA,NA,NA,NA,NA,NA,NA,NA,NA,NA,NA,NA,NA,NA,NA,NA,NA,NA,NA,NA,NA,NA,NA,NA,NA,NA,NA,NA,0,2260,600163.402324,6192284.33979,NA,NA,NA,NA,NA
"178","TAN_1420",NA,NA,NA,NA,NA,NA,NA,NA,NA,NA,NA,NA,NA,NA,NA,NA,NA,NA,NA,NA,NA,NA,NA,NA,NA,NA,NA,NA,NA,NA,NA,NA,NA,NA,NA,NA,NA,NA,NA,NA,NA,NA,NA,1,1420,982103.520971,6487583.91675,NA,NA,NA,NA,NA
"179","TAN_1700",NA,NA,NA,NA,NA,NA,NA,NA,NA,NA,NA,NA,NA,NA,NA,NA,NA,NA,NA,NA,NA,NA,NA,NA,NA,NA,NA,NA,NA,NA,NA,NA,NA,NA,NA,NA,NA,NA,NA,NA,NA,NA,NA,1,1700,981421.046706,6486512.79915,NA,NA,NA,NA,NA
"180","TAN_1890",NA,NA,NA,NA,NA,NA,NA,NA,NA,NA,NA,NA,NA,NA,NA,NA,NA,NA,NA,NA,NA,NA,NA,NA,NA,NA,NA,NA,NA,NA,NA,NA,NA,NA,NA,NA,NA,NA,NA,NA,NA,NA,NA,0,1890,981909.897222,6485916.34286,NA,NA,NA,NA,NA
"181","TAN_2100",NA,NA,NA,NA,NA,NA,NA,NA,NA,NA,NA,NA,NA,NA,NA,NA,NA,NA,NA,NA,NA,NA,NA,NA,NA,NA,NA,NA,NA,NA,NA,NA,NA,NA,NA,NA,NA,NA,NA,NA,NA,NA,NA,0,2100,981985.524919,6485507.91111,NA,NA,NA,NA,NA
"182","TAN_2300",NA,NA,NA,NA,NA,NA,NA,NA,NA,NA,NA,NA,NA,NA,NA,NA,NA,NA,NA,NA,NA,NA,NA,NA,NA,NA,NA,NA,NA,NA,NA,NA,NA,NA,NA,NA,NA,NA,NA,NA,NA,NA,NA,0,2300,981727.185569,6484725.36369,NA,NA,NA,NA,NA
"183","TAN_2480",NA,NA,NA,NA,NA,NA,NA,NA,NA,NA,NA,NA,NA,NA,NA,NA,NA,NA,NA,NA,NA,NA,NA,NA,NA,NA,NA,NA,NA,NA,NA,NA,NA,NA,NA,NA,NA,NA,NA,NA,NA,NA,NA,0,2480,981873.595897,6484451.78797,NA,NA,NA,NA,NA
"184","VAL_2715",NA,NA,NA,NA,NA,NA,NA,NA,NA,NA,NA,NA,NA,NA,NA,NA,NA,NA,NA,NA,NA,NA,NA,NA,NA,NA,NA,NA,NA,NA,NA,NA,NA,NA,NA,NA,NA,NA,NA,NA,NA,NA,NA,0,2715,965947.997149,6453882.82316,NA,NA,NA,NA,NA
"185","VER_1200",NA,NA,NA,NA,NA,NA,NA,NA,NA,NA,NA,NA,NA,NA,NA,NA,NA,NA,NA,NA,NA,NA,NA,NA,NA,NA,NA,NA,NA,NA,NA,NA,NA,NA,NA,NA,NA,NA,NA,NA,NA,NA,NA,1,1200,2430307.05,6328612.92,278.647530494734,279.683690955066,0.110277357945238,2.08539832319588,281.534642928243
"186","VER_1400F",NA,NA,NA,NA,NA,NA,NA,NA,NA,NA,NA,NA,NA,NA,NA,NA,NA,NA,NA,NA,NA,NA,NA,NA,NA,NA,NA,NA,NA,NA,NA,NA,NA,NA,NA,NA,NA,NA,NA,NA,NA,NA,NA,1,1400,2430883.99,6328021.67,278.477943047165,279.501333329622,0.136163191876872,2.0455261121728,281.383480531747
"187","VER_1400P",NA,NA,NA,NA,NA,NA,NA,NA,NA,NA,NA,NA,NA,NA,NA,NA,NA,NA,NA,NA,NA,NA,NA,NA,NA,NA,NA,NA,NA,NA,NA,NA,NA,NA,NA,NA,NA,NA,NA,NA,NA,NA,NA,0,1400,2430558.05,6327382.28,278.293892278034,279.237179765289,0.178233694199673,2.05305752783892,281.41203368468
"188","VER_1600",NA,NA,NA,NA,NA,NA,NA,NA,NA,NA,NA,NA,NA,NA,NA,NA,NA,NA,NA,NA,NA,NA,NA,NA,NA,NA,NA,NA,NA,NA,NA,NA,NA,NA,NA,NA,NA,NA,NA,NA,NA,NA,NA,1,1600,2430644.46,6326368.37,277.769212158565,278.584322148728,0.257548295853609,1.97923529770878,280.668126050496
"189","VER_1800",NA,NA,NA,NA,NA,NA,NA,NA,NA,NA,NA,NA,NA,NA,NA,NA,NA,NA,NA,NA,NA,NA,NA,NA,NA,NA,NA,NA,NA,NA,NA,NA,NA,NA,NA,NA,NA,NA,NA,NA,NA,NA,NA,0,1800,2431641.6,6325135.2,277.949984059941,278.953917488755,0.221371363154267,1.90064419301616,280.011403414556
"190","VER_2000",NA,NA,NA,NA,NA,NA,NA,NA,NA,NA,NA,NA,NA,NA,NA,NA,NA,NA,NA,NA,NA,NA,NA,NA,NA,NA,NA,NA,NA,NA,NA,NA,NA,NA,NA,NA,NA,NA,NA,NA,NA,NA,NA,0,2000,2431462.62,6324191.63,277.048626693232,277.749333432456,0.477081832138203,1.66044619840476,278.704443029515
